uid,dropped_file,dropped_row,kept_file,kept_row
co8798550,data_5.json,0,data_6.json,0
co8801635,data_5.json,1,data_6.json,1
co8860321,data_5.json,2,data_6.json,2
co8801229,data_5.json,3,data_6.json,3
co8797185,data_5.json,4,data_6.json,4
co8797161,data_5.json,5,data_6.json,5
co8797123,data_5.json,6,data_6.json,6
co8801195,data_5.json,7,data_6.json,7
co8800802,data_5.json,8,data_6.json,8
co8800806,data_5.json,9,data_6.json,9
co8797205,data_5.json,10,data_6.json,10
co8797230,data_5.json,11,data_6.json,11
co8800782,data_5.json,12,data_6.json,12
co8830844,data_5.json,13,data_6.json,13
co8829819,data_5.json,14,data_6.json,14
co8829845,data_5.json,15,data_6.json,15
co8830839,data_5.json,16,data_6.json,16
co8829851,data_5.json,17,data_6.json,17
co8830810,data_5.json,18,data_6.json,18
co8825668,data_5.json,19,data_6.json,19
co8801470,data_5.json,20,data_6.json,20
co8825674,data_5.json,21,data_6.json,21
co8832144,data_5.json,22,data_6.json,22
co8825091,data_5.json,23,data_6.json,23
co8825162,data_5.json,24,data_6.json,24
co8825130,data_5.json,25,data_6.json,25
co8801394,data_5.json,26,data_6.json,26
co8825083,data_5.json,27,data_6.json,27
co8825115,data_5.json,28,data_6.json,28
co8825111,data_5.json,29,data_6.json,29
co8801372,data_5.json,30,data_6.json,30
co8829923,data_5.json,31,data_6.json,31
co8829915,data_5.json,32,data_6.json,32
co8829924,data_5.json,33,data_6.json,33
co8829928,data_5.json,34,data_6.json,34
co8832049,data_5.json,35,data_6.json,35
co8830089,data_5.json,36,data_6.json,36
co8825013,data_5.json,37,data_6.json,37
co8830441,data_5.json,38,data_6.json,38
co8823478,data_5.json,39,data_6.json,39
co8825142,data_5.json,40,data_6.json,40
co8797436,data_5.json,41,data_6.json,41
co8832143,data_5.json,42,data_6.json,42
co8827864,data_5.json,43,data_6.json,43
co8872863,data_5.json,44,data_6.json,44
co8869940,data_5.json,45,data_6.json,45
co8886860,data_5.json,46,data_6.json,46
co8852300,data_5.json,47,data_6.json,47
co8875108,data_5.json,48,data_6.json,48
co8849123,data_5.json,49,data_6.json,49
co8881672,data_5.json,50,data_6.json,50
co8862154,data_5.json,51,data_6.json,51
co8888879,data_5.json,52,data_6.json,52
co8888789,data_5.json,53,data_6.json,53
co8880620,data_5.json,54,data_6.json,54
co8873926,data_5.json,55,data_6.json,55
co8869811,data_5.json,56,data_6.json,56
co8852185,data_5.json,57,data_6.json,57
co8881844,data_5.json,58,data_6.json,58
co8874424,data_5.json,59,data_6.json,59
co8877815,data_5.json,60,data_6.json,60
co8862147,data_5.json,61,data_6.json,61
co8860560,data_5.json,62,data_6.json,62
co8872927,data_5.json,63,data_6.json,63
co8862344,data_5.json,64,data_6.json,64
co8881653,data_5.json,65,data_6.json,65
co8861865,data_5.json,66,data_6.json,66
co8877124,data_5.json,67,data_6.json,67
co8869923,data_5.json,68,data_6.json,68
co8883302,data_5.json,69,data_6.json,69
co8847275,data_5.json,70,data_6.json,70
co8851420,data_5.json,71,data_6.json,71
co8886435,data_5.json,72,data_6.json,72
co8827750,data_5.json,73,data_6.json,73
co8873946,data_5.json,74,data_6.json,74
co8860419,data_5.json,75,data_6.json,75
co8848905,data_5.json,76,data_6.json,76
co8848512,data_5.json,77,data_6.json,77
co8861300,data_5.json,78,data_6.json,78
co8879513,data_5.json,79,data_6.json,79
co8875494,data_5.json,80,data_6.json,80
co8873709,data_5.json,81,data_6.json,81
co8874787,data_5.json,82,data_6.json,82
co8874682,data_5.json,83,data_6.json,83
co8860565,data_5.json,84,data_6.json,84
co8861119,data_5.json,85,data_6.json,85
co8853087,data_5.json,86,data_6.json,86
co8876271,data_5.json,87,data_6.json,87
co8869848,data_5.json,88,data_6.json,88
co8872731,data_5.json,89,data_6.json,89
co8851822,data_5.json,90,data_6.json,90
co8875859,data_5.json,91,data_6.json,91
co8874564,data_5.json,92,data_6.json,92
co8888029,data_5.json,93,data_6.json,93
co8874786,data_5.json,94,data_6.json,94
co8852148,data_5.json,95,data_6.json,95
co8852920,data_5.json,96,data_6.json,96
co8850987,data_5.json,97,data_6.json,97
co8861365,data_5.json,98,data_6.json,98
co8847140,data_5.json,99,data_6.json,99
co8875124,data_5.json,100,data_6.json,100
co8874292,data_5.json,101,data_6.json,101
co8873279,data_5.json,102,data_6.json,102
co8876773,data_5.json,103,data_6.json,103
co8859562,data_5.json,104,data_6.json,104
co8877240,data_5.json,105,data_6.json,105
co8879196,data_5.json,106,data_6.json,106
co8846875,data_5.json,107,data_6.json,107
co8872455,data_5.json,108,data_6.json,108
co8860018,data_5.json,109,data_6.json,109
co8862681,data_5.json,110,data_6.json,110
co8884116,data_5.json,111,data_6.json,111
co8877522,data_5.json,112,data_6.json,112
co8878359,data_5.json,113,data_6.json,113
co8848326,data_5.json,114,data_6.json,114
co8852327,data_5.json,115,data_6.json,115
co8877952,data_5.json,116,data_6.json,116
co8876062,data_5.json,117,data_6.json,117
co8880537,data_5.json,118,data_6.json,118
co8852211,data_5.json,119,data_6.json,119
co8849737,data_5.json,120,data_6.json,120
co8861957,data_5.json,121,data_6.json,121
co8877643,data_5.json,122,data_6.json,122
co8853099,data_5.json,123,data_6.json,123
co8862388,data_5.json,124,data_6.json,124
co8851218,data_5.json,125,data_6.json,125
co8852418,data_5.json,126,data_6.json,126
co8847191,data_5.json,127,data_6.json,127
co8885614,data_5.json,128,data_6.json,128
co8872930,data_5.json,129,data_6.json,129
co8860979,data_5.json,130,data_6.json,130
co8877405,data_5.json,131,data_6.json,131
co8848659,data_5.json,132,data_6.json,132
co8862439,data_5.json,133,data_6.json,133
co8873558,data_5.json,134,data_6.json,134
co8861290,data_5.json,135,data_6.json,135
co8874413,data_5.json,136,data_6.json,136
co8875249,data_5.json,137,data_6.json,137
co8873680,data_5.json,138,data_6.json,138
co8852521,data_5.json,139,data_6.json,139
co8877398,data_5.json,140,data_6.json,140
co8852220,data_5.json,141,data_6.json,141
co8852199,data_5.json,142,data_6.json,142
co8862511,data_5.json,143,data_6.json,143
co8883449,data_5.json,144,data_6.json,144
co8884126,data_5.json,145,data_6.json,145
co8852781,data_5.json,146,data_6.json,146
co8872853,data_5.json,147,data_6.json,147
co8873569,data_5.json,148,data_6.json,148
co8879745,data_5.json,149,data_6.json,149
co8875671,data_5.json,150,data_6.json,150
co8878761,data_5.json,151,data_6.json,151
co8873194,data_5.json,152,data_6.json,152
co8862243,data_5.json,153,data_6.json,153
co8862463,data_5.json,154,data_6.json,154
co8878536,data_5.json,155,data_6.json,155
co8883443,data_5.json,156,data_6.json,156
co8876252,data_5.json,157,data_6.json,157
co8876390,data_5.json,158,data_6.json,158
co8874156,data_5.json,159,data_6.json,159
co8879296,data_5.json,160,data_6.json,160
co8878978,data_5.json,161,data_6.json,161
co8861178,data_5.json,162,data_6.json,162
co8886862,data_5.json,163,data_6.json,163
co8888321,data_5.json,164,data_6.json,164
co8876626,data_5.json,165,data_6.json,165
co8851053,data_5.json,166,data_6.json,166
co8887672,data_5.json,167,data_6.json,167
co8861947,data_5.json,168,data_6.json,168
co8872659,data_5.json,169,data_6.json,169
co8881838,data_5.json,170,data_6.json,170
co8873284,data_5.json,171,data_6.json,171
co8860827,data_5.json,172,data_6.json,172
co8861907,data_5.json,173,data_6.json,173
co8883311,data_5.json,174,data_6.json,174
co8884054,data_5.json,175,data_6.json,175
co8878216,data_5.json,176,data_6.json,176
co8879064,data_5.json,177,data_6.json,177
co8872604,data_5.json,178,data_6.json,178
co8862321,data_5.json,179,data_6.json,179
co8878375,data_5.json,180,data_6.json,180
co8877912,data_5.json,181,data_6.json,181
co8852174,data_5.json,182,data_6.json,182
co8852700,data_5.json,183,data_6.json,183
co8878432,data_5.json,184,data_6.json,184
co8850990,data_5.json,185,data_6.json,185
co8875428,data_5.json,186,data_6.json,186
co8852643,data_5.json,187,data_6.json,187
co8881162,data_5.json,188,data_6.json,188
co8827704,data_5.json,189,data_6.json,189
co8850835,data_5.json,190,data_6.json,190
co8874033,data_5.json,191,data_6.json,191
co8880714,data_5.json,192,data_6.json,192
co8876860,data_5.json,193,data_6.json,193
co8887703,data_5.json,194,data_6.json,194
co8883203,data_5.json,195,data_6.json,195
co8888843,data_5.json,196,data_6.json,196
co8874307,data_5.json,197,data_6.json,197
co8860488,data_5.json,198,data_6.json,198
co8859489,data_5.json,199,data_6.json,199
co8852232,data_5.json,200,data_6.json,200
co8851247,data_5.json,201,data_6.json,201
co8874860,data_5.json,202,data_6.json,202
co8872594,data_5.json,203,data_6.json,203
co8852165,data_5.json,204,data_6.json,204
co8877752,data_5.json,205,data_6.json,205
co8884134,data_5.json,206,data_6.json,206
co8875035,data_5.json,207,data_6.json,207
co8874516,data_5.json,208,data_6.json,208
co8879565,data_5.json,209,data_6.json,209
co8875129,data_5.json,210,data_6.json,210
co8827429,data_5.json,211,data_6.json,211
co8852597,data_5.json,212,data_6.json,212
co8876486,data_5.json,213,data_6.json,213
co8874622,data_5.json,214,data_6.json,214
co8852649,data_5.json,215,data_6.json,215
co8877062,data_5.json,216,data_6.json,216
co8862004,data_5.json,217,data_6.json,217
co8877214,data_5.json,218,data_6.json,218
co8852304,data_5.json,219,data_6.json,219
co8874386,data_5.json,220,data_6.json,220
co8874898,data_5.json,221,data_6.json,221
co8875263,data_5.json,222,data_6.json,222
co8888022,data_5.json,223,data_6.json,223
co8852970,data_5.json,224,data_6.json,224
co8885701,data_5.json,225,data_6.json,225
co8846977,data_5.json,226,data_6.json,226
co8847789,data_5.json,227,data_6.json,227
co8877142,data_5.json,228,data_6.json,228
co8877158,data_5.json,229,data_6.json,229
co8872452,data_5.json,230,data_6.json,230
co8881662,data_5.json,231,data_6.json,231
co8873051,data_5.json,232,data_6.json,232
co8879593,data_5.json,233,data_6.json,233
co8875793,data_5.json,234,data_6.json,234
co8877994,data_5.json,235,data_6.json,235
co8872435,data_5.json,236,data_6.json,236
co8877773,data_5.json,237,data_6.json,237
co8869720,data_5.json,238,data_6.json,238
co8878551,data_5.json,239,data_6.json,239
co8887654,data_5.json,240,data_6.json,240
co8847141,data_5.json,241,data_6.json,241
co8852949,data_5.json,242,data_6.json,242
co8878367,data_5.json,243,data_6.json,243
co8886385,data_5.json,244,data_6.json,244
co8876540,data_5.json,245,data_6.json,245
co8876818,data_5.json,246,data_6.json,246
co8860448,data_5.json,247,data_6.json,247
co8876464,data_5.json,248,data_6.json,248
co8879120,data_5.json,249,data_6.json,249
co8881642,data_5.json,250,data_6.json,250
co8876181,data_5.json,251,data_6.json,251
co8874999,data_5.json,252,data_6.json,252
co8886660,data_5.json,253,data_6.json,253
co8862644,data_5.json,254,data_6.json,254
co8861205,data_5.json,255,data_6.json,255
co8873630,data_5.json,256,data_6.json,256
co8878908,data_5.json,257,data_6.json,257
co8880471,data_5.json,258,data_6.json,258
co8850750,data_5.json,259,data_6.json,259
co8873304,data_5.json,260,data_6.json,260
co8846877,data_5.json,261,data_6.json,261
co8849026,data_5.json,262,data_6.json,262
co8849479,data_5.json,263,data_6.json,263
co8852680,data_5.json,264,data_6.json,264
co8827595,data_5.json,265,data_6.json,265
co8862372,data_5.json,266,data_6.json,266
co8849696,data_5.json,267,data_6.json,267
co8872898,data_5.json,268,data_6.json,268
co8847643,data_5.json,269,data_6.json,269
co8862113,data_5.json,270,data_6.json,270
co8849085,data_5.json,271,data_6.json,271
co8879052,data_5.json,272,data_6.json,272
co8852816,data_5.json,273,data_6.json,273
co8881665,data_5.json,274,data_6.json,274
co8861292,data_5.json,275,data_6.json,275
co8851562,data_5.json,276,data_6.json,276
co8877906,data_5.json,277,data_6.json,277
co8874929,data_5.json,278,data_6.json,278
co8848724,data_5.json,279,data_6.json,279
co8861847,data_5.json,280,data_6.json,280
co8848989,data_5.json,281,data_6.json,281
co8874266,data_5.json,282,data_6.json,282
co8878634,data_5.json,283,data_6.json,283
co8878001,data_5.json,284,data_6.json,284
co8874718,data_5.json,285,data_6.json,285
co8874437,data_5.json,286,data_6.json,286
co8875414,data_5.json,287,data_6.json,287
co8876480,data_5.json,288,data_6.json,288
co8852231,data_5.json,289,data_6.json,289
co8878339,data_5.json,290,data_6.json,290
co8876878,data_5.json,291,data_6.json,291
co8878397,data_5.json,292,data_6.json,292
co8876196,data_5.json,293,data_6.json,293
co8874137,data_5.json,294,data_6.json,294
co8879852,data_5.json,295,data_6.json,295
co8873694,data_5.json,296,data_6.json,296
co8874108,data_5.json,297,data_6.json,297
co8879418,data_5.json,298,data_6.json,298
co8874615,data_5.json,299,data_6.json,299
co8860593,data_5.json,300,data_6.json,300
co8873310,data_5.json,301,data_6.json,301
co8852694,data_5.json,302,data_6.json,302
co8874636,data_5.json,303,data_6.json,303
co8877835,data_5.json,304,data_6.json,304
co8876739,data_5.json,305,data_6.json,305
co8847969,data_5.json,306,data_6.json,306
co8851345,data_5.json,307,data_6.json,307
co8852164,data_5.json,308,data_6.json,308
co8877301,data_5.json,309,data_6.json,309
co8873202,data_5.json,310,data_6.json,310
co8877898,data_5.json,311,data_6.json,311
co8874846,data_5.json,312,data_6.json,312
co8852509,data_5.json,313,data_6.json,313
co8847054,data_5.json,314,data_6.json,314
co8875891,data_5.json,315,data_6.json,315
co8852580,data_5.json,316,data_6.json,316
co8877995,data_5.json,317,data_6.json,317
co8874828,data_5.json,318,data_6.json,318
co8852271,data_5.json,319,data_6.json,319
co8879501,data_5.json,320,data_6.json,320
co8874267,data_5.json,321,data_6.json,321
co8879485,data_5.json,322,data_6.json,322
co8874973,data_5.json,323,data_6.json,323
co8869598,data_5.json,324,data_6.json,324
co8862012,data_5.json,325,data_6.json,325
co8876756,data_5.json,326,data_6.json,326
co8851827,data_5.json,327,data_6.json,327
co8862404,data_5.json,328,data_6.json,328
co8876778,data_5.json,329,data_6.json,329
co8879029,data_5.json,330,data_6.json,330
co8853117,data_5.json,331,data_6.json,331
co8873072,data_5.json,332,data_6.json,332
co8873439,data_5.json,333,data_6.json,333
co8848718,data_5.json,334,data_6.json,334
co8878877,data_5.json,335,data_6.json,335
co8878351,data_5.json,336,data_6.json,336
co8874933,data_5.json,337,data_6.json,337
co8872458,data_5.json,338,data_6.json,338
co8879466,data_5.json,339,data_6.json,339
co8852282,data_5.json,340,data_6.json,340
co8873648,data_5.json,341,data_6.json,341
co8879368,data_5.json,342,data_6.json,342
co8878696,data_5.json,343,data_6.json,343
co8873712,data_5.json,344,data_6.json,344
co8852373,data_5.json,345,data_6.json,345
co8848672,data_5.json,346,data_6.json,346
co8851327,data_5.json,347,data_6.json,347
co8878179,data_5.json,348,data_6.json,348
co8875984,data_5.json,349,data_6.json,349
co8876476,data_5.json,350,data_6.json,350
co8879366,data_5.json,351,data_6.json,351
co8853100,data_5.json,352,data_6.json,352
co8849118,data_5.json,353,data_6.json,353
co8860940,data_5.json,354,data_6.json,354
co8879738,data_5.json,355,data_6.json,355
co8862358,data_5.json,356,data_6.json,356
co8880919,data_5.json,357,data_6.json,357
co8875703,data_5.json,358,data_6.json,358
co8878290,data_5.json,359,data_6.json,359
co8873804,data_5.json,360,data_6.json,360
co8853018,data_5.json,361,data_6.json,361
co8860836,data_5.json,362,data_6.json,362
co8878819,data_5.json,363,data_6.json,363
co8846620,data_5.json,364,data_6.json,364
co8874359,data_5.json,365,data_6.json,365
co8876983,data_5.json,366,data_6.json,366
co8848597,data_5.json,367,data_6.json,367
co8874444,data_5.json,368,data_6.json,368
co8879591,data_5.json,369,data_6.json,369
co8874875,data_5.json,370,data_6.json,370
co8861196,data_5.json,371,data_6.json,371
co8850534,data_5.json,372,data_6.json,372
co8831105,data_5.json,373,data_6.json,373
co8824784,data_5.json,374,data_6.json,374
co8798958,data_5.json,375,data_6.json,375
co8879669,data_5.json,376,data_6.json,376
co8826059,data_5.json,377,data_6.json,377
co8850177,data_5.json,378,data_6.json,378
co8797518,data_5.json,379,data_6.json,379
co8825411,data_5.json,380,data_6.json,380
co8851627,data_5.json,381,data_6.json,381
co8851103,data_5.json,382,data_6.json,382
co8869400,data_5.json,383,data_6.json,383
co8848547,data_5.json,384,data_6.json,384
co8872284,data_5.json,385,data_6.json,385
co8859403,data_5.json,386,data_6.json,386
co8849469,data_5.json,387,data_6.json,387
co8826677,data_5.json,388,data_6.json,388
co8886785,data_5.json,389,data_6.json,389
co8853175,data_5.json,390,data_6.json,390
co8828555,data_5.json,391,data_6.json,391
co8886518,data_5.json,392,data_6.json,392
co8825499,data_5.json,393,data_6.json,393
co8872372,data_5.json,394,data_6.json,394
co8822636,data_5.json,395,data_6.json,395
co8822025,data_5.json,396,data_6.json,396
co8853160,data_5.json,397,data_6.json,397
co8885148,data_5.json,398,data_6.json,398
co8803695,data_5.json,399,data_6.json,399
co8851467,data_5.json,400,data_6.json,400
co8860101,data_5.json,401,data_6.json,401
co8822835,data_5.json,402,data_6.json,402
co8850060,data_5.json,403,data_6.json,403
co8826393,data_5.json,404,data_6.json,404
co8796952,data_5.json,405,data_6.json,405
co8853196,data_5.json,406,data_6.json,406
co8850252,data_5.json,407,data_6.json,407
co8851250,data_5.json,408,data_6.json,408
co8828440,data_5.json,409,data_6.json,409
co8886769,data_5.json,410,data_6.json,410
co8848389,data_5.json,411,data_6.json,411
co8799200,data_5.json,412,data_6.json,412
co8869476,data_5.json,413,data_6.json,413
co8869455,data_5.json,414,data_6.json,414
co8802981,data_5.json,415,data_6.json,415
co8803098,data_5.json,416,data_6.json,416
co8800233,data_5.json,417,data_6.json,417
co8833993,data_5.json,418,data_6.json,418
co8824803,data_5.json,419,data_6.json,419
co8797068,data_5.json,420,data_6.json,420
co8853257,data_5.json,421,data_6.json,421
co8797400,data_5.json,422,data_6.json,422
co8849232,data_5.json,423,data_6.json,423
co8884622,data_5.json,424,data_6.json,424
co8831883,data_5.json,425,data_6.json,425
co8828402,data_5.json,426,data_6.json,426
co8803645,data_5.json,427,data_6.json,427
co8824263,data_5.json,428,data_6.json,428
co8834443,data_5.json,429,data_6.json,429
co8802456,data_5.json,430,data_6.json,430
co8829973,data_5.json,431,data_6.json,431
co8884500,data_5.json,432,data_6.json,432
co8821784,data_5.json,433,data_6.json,433
co8883076,data_5.json,434,data_6.json,434
co8822677,data_5.json,435,data_6.json,435
co8849513,data_5.json,436,data_6.json,436
co8886507,data_5.json,437,data_6.json,437
co8831687,data_5.json,438,data_6.json,438
co8850211,data_5.json,439,data_6.json,439
co8860485,data_5.json,440,data_6.json,440
co8846671,data_5.json,441,data_6.json,441
co8822337,data_5.json,442,data_6.json,442
co8802176,data_5.json,443,data_6.json,443
co8850348,data_5.json,444,data_6.json,444
co8822250,data_5.json,445,data_6.json,445
co8822630,data_5.json,446,data_6.json,446
co8850344,data_5.json,447,data_6.json,447
co8847524,data_5.json,448,data_6.json,448
co8848861,data_5.json,449,data_6.json,449
co8803721,data_5.json,450,data_6.json,450
co8846728,data_5.json,451,data_6.json,451
co8849578,data_5.json,452,data_6.json,452
co8796661,data_5.json,453,data_6.json,453
co8822303,data_5.json,454,data_6.json,454
co8798695,data_5.json,455,data_6.json,455
co8859324,data_5.json,456,data_6.json,456
co8858926,data_5.json,457,data_6.json,457
co8851947,data_5.json,458,data_6.json,458
co8827825,data_5.json,459,data_6.json,459
co8797478,data_5.json,460,data_6.json,460
co8828093,data_5.json,461,data_6.json,461
co8859336,data_5.json,462,data_6.json,462
co8826773,data_5.json,463,data_6.json,463
co8848539,data_5.json,464,data_6.json,464
co8831062,data_5.json,465,data_6.json,465
co8800528,data_5.json,466,data_6.json,466
co8802171,data_5.json,467,data_6.json,467
co8880077,data_5.json,468,data_6.json,468
co8828264,data_5.json,469,data_6.json,469
co8858968,data_5.json,470,data_6.json,470
co8847456,data_5.json,471,data_6.json,471
co8884721,data_5.json,472,data_6.json,472
co8851682,data_5.json,473,data_6.json,473
co8826467,data_5.json,474,data_6.json,474
co8885357,data_5.json,475,data_6.json,475
co8834956,data_5.json,476,data_6.json,476
co8829143,data_5.json,477,data_6.json,477
co8849713,data_5.json,478,data_6.json,478
co8804464,data_5.json,479,data_6.json,479
co8852090,data_5.json,480,data_6.json,480
co8851311,data_5.json,481,data_6.json,481
co8831229,data_5.json,482,data_6.json,482
co8826615,data_5.json,483,data_6.json,483
co8824665,data_5.json,484,data_6.json,484
co8822635,data_5.json,485,data_6.json,485
co8804033,data_5.json,486,data_6.json,486
co8881368,data_5.json,487,data_6.json,487
co8800365,data_5.json,488,data_6.json,488
co8804676,data_5.json,489,data_6.json,489
co8847023,data_5.json,490,data_6.json,490
co8825188,data_5.json,491,data_6.json,491
co8858945,data_5.json,492,data_6.json,492
co8859195,data_5.json,493,data_6.json,493
co8850503,data_5.json,494,data_6.json,494
co8826063,data_5.json,495,data_6.json,495
co8834885,data_5.json,496,data_6.json,496
co8821919,data_5.json,497,data_6.json,497
co8860378,data_5.json,498,data_6.json,498
co8847101,data_5.json,499,data_6.json,499
co8826145,data_5.json,500,data_6.json,500
co8848551,data_5.json,501,data_6.json,501
co8851964,data_5.json,502,data_6.json,502
co8858822,data_5.json,503,data_6.json,503
co8832696,data_5.json,504,data_6.json,504
co8847840,data_5.json,505,data_6.json,505
co8802891,data_5.json,506,data_6.json,506
co8879946,data_5.json,507,data_6.json,507
co8826128,data_5.json,508,data_6.json,508
co8797573,data_5.json,509,data_6.json,509
co8849393,data_5.json,510,data_6.json,510
co8822610,data_5.json,511,data_6.json,511
co8827324,data_5.json,512,data_6.json,512
co8829657,data_5.json,513,data_6.json,513
co8802724,data_5.json,514,data_6.json,514
co8885596,data_5.json,515,data_6.json,515
co8884163,data_5.json,516,data_6.json,516
co8824709,data_5.json,517,data_6.json,517
co8834544,data_5.json,518,data_6.json,518
co8823235,data_5.json,519,data_6.json,519
co8883115,data_5.json,520,data_6.json,520
co8828664,data_5.json,521,data_6.json,521
co8884124,data_5.json,522,data_6.json,522
co8882664,data_5.json,523,data_6.json,523
co8822843,data_5.json,524,data_6.json,524
co8859966,data_5.json,525,data_6.json,525
co8883091,data_5.json,526,data_6.json,526
co8882072,data_5.json,527,data_6.json,527
co8884624,data_5.json,528,data_6.json,528
co8801683,data_5.json,529,data_6.json,529
co8831840,data_5.json,530,data_6.json,530
co8825856,data_5.json,531,data_6.json,531
co8847603,data_5.json,532,data_6.json,532
co8872286,data_5.json,533,data_6.json,533
co8825297,data_5.json,534,data_6.json,534
co8801906,data_5.json,535,data_6.json,535
co8829203,data_5.json,536,data_6.json,536
co8859300,data_5.json,537,data_6.json,537
co8882661,data_5.json,538,data_6.json,538
co8801550,data_5.json,539,data_6.json,539
co8798086,data_5.json,540,data_6.json,540
co8847419,data_5.json,541,data_6.json,541
co8885165,data_5.json,542,data_6.json,542
co8861158,data_5.json,543,data_6.json,543
co8825460,data_5.json,544,data_6.json,544
co8849809,data_5.json,545,data_6.json,545
co8798788,data_5.json,546,data_6.json,546
co8881494,data_5.json,547,data_6.json,547
co8847676,data_5.json,548,data_6.json,548
co8822954,data_5.json,549,data_6.json,549
co8850910,data_5.json,550,data_6.json,550
co8885733,data_5.json,551,data_6.json,551
co8801503,data_5.json,552,data_6.json,552
co8861222,data_5.json,553,data_6.json,553
co8798034,data_5.json,554,data_6.json,554
co8802603,data_5.json,555,data_6.json,555
co8847853,data_5.json,556,data_6.json,556
co8850559,data_5.json,557,data_6.json,557
co8851478,data_5.json,558,data_6.json,558
co8885048,data_5.json,559,data_6.json,559
co8885190,data_5.json,560,data_6.json,560
co8829075,data_5.json,561,data_6.json,561
co8826123,data_5.json,562,data_6.json,562
co8850907,data_5.json,563,data_6.json,563
co8851085,data_5.json,564,data_6.json,564
co8799891,data_5.json,565,data_6.json,565
co8887142,data_5.json,566,data_6.json,566
co8825352,data_5.json,567,data_6.json,567
co8886396,data_5.json,568,data_6.json,568
co8885879,data_5.json,569,data_6.json,569
co8858886,data_5.json,570,data_6.json,570
co8886285,data_5.json,571,data_6.json,571
co8831836,data_5.json,572,data_6.json,572
co8823395,data_5.json,573,data_6.json,573
co8831881,data_5.json,574,data_6.json,574
co8851572,data_5.json,575,data_6.json,575
co8832555,data_5.json,576,data_6.json,576
co8823164,data_5.json,577,data_6.json,577
co8832591,data_5.json,578,data_6.json,578
co8823975,data_5.json,579,data_6.json,579
co8825333,data_5.json,580,data_6.json,580
co8803165,data_5.json,581,data_6.json,581
co8848874,data_5.json,582,data_6.json,582
co8879969,data_5.json,583,data_6.json,583
co8848185,data_5.json,584,data_6.json,584
co8825800,data_5.json,585,data_6.json,585
co8880831,data_5.json,586,data_6.json,586
co8851412,data_5.json,587,data_6.json,587
co8861744,data_5.json,588,data_6.json,588
co8833334,data_5.json,589,data_6.json,589
co8831045,data_5.json,590,data_6.json,590
co8858872,data_5.json,591,data_6.json,591
co8853214,data_5.json,592,data_6.json,592
co8858828,data_5.json,593,data_6.json,593
co8826731,data_5.json,594,data_6.json,594
co8860471,data_5.json,595,data_6.json,595
co8802976,data_5.json,596,data_6.json,596
co8850959,data_5.json,597,data_6.json,597
co8802881,data_5.json,598,data_6.json,598
co8802338,data_5.json,599,data_6.json,599
co8802385,data_5.json,600,data_6.json,600
co8869467,data_5.json,601,data_6.json,601
co8828486,data_5.json,602,data_6.json,602
co8872089,data_5.json,603,data_6.json,603
co8799560,data_5.json,604,data_6.json,604
co8800106,data_5.json,605,data_6.json,605
co8833252,data_5.json,606,data_6.json,606
co8829068,data_5.json,607,data_6.json,607
co8803920,data_5.json,608,data_6.json,608
co8830507,data_5.json,609,data_6.json,609
co8797606,data_5.json,610,data_6.json,610
co8848536,data_5.json,611,data_6.json,611
co8822346,data_5.json,612,data_6.json,612
co8850553,data_5.json,613,data_6.json,613
co8826263,data_5.json,614,data_6.json,614
co8832010,data_5.json,615,data_6.json,615
co8829504,data_5.json,616,data_6.json,616
co8828261,data_5.json,617,data_6.json,617
co8802290,data_5.json,618,data_6.json,618
co8851450,data_5.json,619,data_6.json,619
co8872121,data_5.json,620,data_6.json,620
co8830320,data_5.json,621,data_6.json,621
co8823525,data_5.json,622,data_6.json,622
co8804546,data_5.json,623,data_6.json,623
co8859236,data_5.json,624,data_6.json,624
co8847179,data_5.json,625,data_6.json,625
co8832639,data_5.json,626,data_6.json,626
co8824950,data_5.json,627,data_6.json,627
co8824393,data_5.json,628,data_6.json,628
co8802925,data_5.json,629,data_6.json,629
co8830350,data_5.json,630,data_6.json,630
co8886427,data_5.json,631,data_6.json,631
co8834960,data_5.json,632,data_6.json,632
co8798725,data_5.json,633,data_6.json,633
co8833980,data_5.json,634,data_6.json,634
co8832628,data_5.json,635,data_6.json,635
co8847000,data_5.json,636,data_6.json,636
co8801766,data_5.json,637,data_6.json,637
co8823585,data_5.json,638,data_6.json,638
co8880810,data_5.json,639,data_6.json,639
co8798536,data_5.json,640,data_6.json,640
co8851642,data_5.json,641,data_6.json,641
co8821991,data_5.json,642,data_6.json,642
co8851885,data_5.json,643,data_6.json,643
co8803291,data_5.json,644,data_6.json,644
co8826230,data_5.json,645,data_6.json,645
co8859225,data_5.json,646,data_6.json,646
co8832317,data_5.json,647,data_6.json,647
co8846812,data_5.json,648,data_6.json,648
co8886644,data_5.json,649,data_6.json,649
co8796845,data_5.json,650,data_6.json,650
co8873134,data_5.json,651,data_6.json,651
co8824003,data_5.json,652,data_6.json,652
co8850749,data_5.json,653,data_6.json,653
co8802684,data_5.json,654,data_6.json,654
co8851619,data_5.json,655,data_6.json,655
co8885066,data_5.json,656,data_6.json,656
co8882231,data_5.json,657,data_6.json,657
co8850142,data_5.json,658,data_6.json,658
co8832585,data_5.json,659,data_6.json,659
co8831210,data_5.json,660,data_6.json,660
co8828496,data_5.json,661,data_6.json,661
co8831905,data_5.json,662,data_6.json,662
co8833768,data_5.json,663,data_6.json,663
co8849458,data_5.json,664,data_6.json,664
co8824487,data_5.json,665,data_6.json,665
co8798532,data_5.json,666,data_6.json,666
co8887146,data_5.json,667,data_6.json,667
co8822653,data_5.json,668,data_6.json,668
co8887410,data_5.json,669,data_6.json,669
co8801031,data_5.json,670,data_6.json,670
co8885981,data_5.json,671,data_6.json,671
co8885708,data_5.json,672,data_6.json,672
co8823370,data_5.json,673,data_6.json,673
co8877816,data_5.json,674,data_6.json,674
co8834858,data_5.json,675,data_6.json,675
co8823202,data_5.json,676,data_6.json,676
co8798857,data_5.json,677,data_6.json,677
co8798421,data_5.json,678,data_6.json,678
co8886907,data_5.json,679,data_6.json,679
co8804447,data_5.json,680,data_6.json,680
co8800298,data_5.json,681,data_6.json,681
co8884253,data_5.json,682,data_6.json,682
co8828499,data_5.json,683,data_6.json,683
co8849656,data_5.json,684,data_6.json,684
co8850830,data_5.json,685,data_6.json,685
co8821826,data_5.json,686,data_6.json,686
co8881982,data_5.json,687,data_6.json,687
co8858969,data_5.json,688,data_6.json,688
co8828383,data_5.json,689,data_6.json,689
co8799116,data_5.json,690,data_6.json,690
co8847368,data_5.json,691,data_6.json,691
co8850839,data_5.json,692,data_6.json,692
co8860213,data_5.json,693,data_6.json,693
co8853332,data_5.json,694,data_6.json,694
co8851407,data_5.json,695,data_6.json,695
co8799480,data_5.json,696,data_6.json,696
co8833162,data_5.json,697,data_6.json,697
co8861652,data_5.json,698,data_6.json,698
co8826717,data_5.json,699,data_6.json,699
co8831357,data_5.json,700,data_6.json,700
co8847373,data_5.json,701,data_6.json,701
co8883854,data_5.json,702,data_6.json,702
co8849275,data_5.json,703,data_6.json,703
co8860153,data_5.json,704,data_6.json,704
co8796929,data_5.json,705,data_6.json,705
co8823463,data_5.json,706,data_6.json,706
co8885128,data_5.json,707,data_6.json,707
co8802102,data_5.json,708,data_6.json,708
co8824419,data_5.json,709,data_6.json,709
co8803692,data_5.json,710,data_6.json,710
co8881456,data_5.json,711,data_6.json,711
co8849029,data_5.json,712,data_6.json,712
co8822197,data_5.json,713,data_6.json,713
co8821993,data_5.json,714,data_6.json,714
co8849307,data_5.json,715,data_6.json,715
co8859183,data_5.json,716,data_6.json,716
co8884633,data_5.json,717,data_6.json,717
co8803701,data_5.json,718,data_6.json,718
co8823691,data_5.json,719,data_6.json,719
co8834463,data_5.json,720,data_6.json,720
co8802811,data_5.json,721,data_6.json,721
co8880059,data_5.json,722,data_6.json,722
co8803826,data_5.json,723,data_6.json,723
co8886038,data_5.json,724,data_6.json,724
co8828049,data_5.json,725,data_6.json,725
co8882602,data_5.json,726,data_6.json,726
co8858947,data_5.json,727,data_6.json,727
co8884137,data_5.json,728,data_6.json,728
co8822182,data_5.json,729,data_6.json,729
co8851461,data_5.json,730,data_6.json,730
co8847766,data_5.json,731,data_6.json,731
co8850963,data_5.json,732,data_6.json,732
co8829181,data_5.json,733,data_6.json,733
co8860751,data_5.json,734,data_6.json,734
co8804289,data_5.json,735,data_6.json,735
co8869319,data_5.json,736,data_6.json,736
co8798663,data_5.json,737,data_6.json,737
co8878548,data_5.json,738,data_6.json,738
co8859320,data_5.json,739,data_6.json,739
co8851191,data_5.json,740,data_6.json,740
co8834307,data_5.json,741,data_6.json,741
co8886983,data_5.json,742,data_6.json,742
co8821618,data_5.json,743,data_6.json,743
co8826201,data_5.json,744,data_6.json,744
co8827988,data_5.json,745,data_6.json,745
co8872923,data_5.json,746,data_6.json,746
co8834824,data_5.json,747,data_6.json,747
co8884059,data_5.json,748,data_6.json,748
co8886391,data_5.json,749,data_6.json,749
co8861697,data_5.json,750,data_6.json,750
co8849457,data_5.json,751,data_6.json,751
co8822471,data_5.json,752,data_6.json,752
co8803641,data_5.json,753,data_6.json,753
co8849961,data_5.json,754,data_6.json,754
co8886463,data_5.json,755,data_6.json,755
co8850000,data_5.json,756,data_6.json,756
co8850285,data_5.json,757,data_6.json,757
co8859166,data_5.json,758,data_6.json,758
co8847951,data_5.json,759,data_6.json,759
co8869427,data_5.json,760,data_6.json,760
co8886291,data_5.json,761,data_6.json,761
co8834380,data_5.json,762,data_6.json,762
co8829717,data_5.json,763,data_6.json,763
co8850737,data_5.json,764,data_6.json,764
co8800989,data_5.json,765,data_6.json,765
co8850660,data_5.json,766,data_6.json,766
co8797434,data_5.json,767,data_6.json,767
co8801900,data_5.json,768,data_6.json,768
co8804326,data_5.json,769,data_6.json,769
co8829344,data_5.json,770,data_6.json,770
co8802900,data_5.json,771,data_6.json,771
co8803318,data_5.json,772,data_6.json,772
co8872849,data_5.json,773,data_6.json,773
co8803191,data_5.json,774,data_6.json,774
co8833207,data_5.json,775,data_6.json,775
co8888794,data_5.json,776,data_6.json,776
co8801756,data_5.json,777,data_6.json,777
co8798544,data_5.json,778,data_6.json,778
co8831252,data_5.json,779,data_6.json,779
co8802175,data_5.json,780,data_6.json,780
co8802202,data_5.json,781,data_6.json,781
co8833955,data_5.json,782,data_6.json,782
co8859692,data_5.json,783,data_6.json,783
co8830681,data_5.json,784,data_6.json,784
co8850945,data_5.json,785,data_6.json,785
co8799188,data_5.json,786,data_6.json,786
co8823596,data_5.json,787,data_6.json,787
co8886449,data_5.json,788,data_6.json,788
co8872377,data_5.json,789,data_6.json,789
co8851862,data_5.json,790,data_6.json,790
co8884806,data_5.json,791,data_6.json,791
co8886929,data_5.json,792,data_6.json,792
co8883817,data_5.json,793,data_6.json,793
co8849075,data_5.json,794,data_6.json,794
co8885034,data_5.json,795,data_6.json,795
co8830134,data_5.json,796,data_6.json,796
co8828080,data_5.json,797,data_6.json,797
co8850236,data_5.json,798,data_6.json,798
co8802168,data_5.json,799,data_6.json,799
co8883803,data_5.json,800,data_6.json,800
co8888617,data_5.json,801,data_6.json,801
co8804757,data_5.json,802,data_6.json,802
co8887728,data_5.json,803,data_6.json,803
co8883477,data_5.json,804,data_6.json,804
co8834988,data_5.json,805,data_6.json,805
co8861617,data_5.json,806,data_6.json,806
co8859099,data_5.json,807,data_6.json,807
co8875012,data_5.json,808,data_6.json,808
co8801251,data_5.json,809,data_6.json,809
co8886216,data_5.json,810,data_6.json,810
co8832068,data_5.json,811,data_6.json,811
co8823088,data_5.json,812,data_6.json,812
co8827117,data_5.json,813,data_6.json,813
co8801925,data_5.json,814,data_6.json,814
co8886000,data_5.json,815,data_6.json,815
co8885242,data_5.json,816,data_6.json,816
co8862138,data_5.json,817,data_6.json,817
co8834612,data_5.json,818,data_6.json,818
co8823491,data_5.json,819,data_6.json,819
co8803636,data_5.json,820,data_6.json,820
co8884204,data_5.json,821,data_6.json,821
co8828697,data_5.json,822,data_6.json,822
co8847182,data_5.json,823,data_6.json,823
co8831331,data_5.json,824,data_6.json,824
co8848423,data_5.json,825,data_6.json,825
co8847296,data_5.json,826,data_6.json,826
co8822873,data_5.json,827,data_6.json,827
co8797019,data_5.json,828,data_6.json,828
co8803490,data_5.json,829,data_6.json,829
co8830356,data_5.json,830,data_6.json,830
co8823864,data_5.json,831,data_6.json,831
co8831050,data_5.json,832,data_6.json,832
co8850404,data_5.json,833,data_6.json,833
co8821780,data_5.json,834,data_6.json,834
co8862186,data_5.json,835,data_6.json,835
co8803008,data_5.json,836,data_6.json,836
co8831039,data_5.json,837,data_6.json,837
co8849313,data_5.json,838,data_6.json,838
co8797627,data_5.json,839,data_6.json,839
co8833223,data_5.json,840,data_6.json,840
co8828088,data_5.json,841,data_6.json,841
co8833984,data_5.json,842,data_6.json,842
co8801946,data_5.json,843,data_6.json,843
co8859852,data_5.json,844,data_6.json,844
co8849801,data_5.json,845,data_6.json,845
co8860782,data_5.json,846,data_6.json,846
co8886271,data_5.json,847,data_6.json,847
co8829154,data_5.json,848,data_6.json,848
co8885728,data_5.json,849,data_6.json,849
co8848686,data_5.json,850,data_6.json,850
co8804313,data_5.json,851,data_6.json,851
co8822978,data_5.json,852,data_6.json,852
co8834473,data_5.json,853,data_6.json,853
co8859468,data_5.json,854,data_6.json,854
co8827516,data_5.json,855,data_6.json,855
co8884555,data_5.json,856,data_6.json,856
co8823812,data_5.json,857,data_6.json,857
co8824529,data_5.json,858,data_6.json,858
co8803520,data_5.json,859,data_6.json,859
co8802382,data_5.json,860,data_6.json,860
co8821418,data_5.json,861,data_6.json,861
co8884600,data_5.json,862,data_6.json,862
co8849559,data_5.json,863,data_6.json,863
co8850237,data_5.json,864,data_6.json,864
co8799665,data_5.json,865,data_6.json,865
co8884487,data_5.json,866,data_6.json,866
co8828657,data_5.json,867,data_6.json,867
co8796692,data_5.json,868,data_6.json,868
co8849165,data_5.json,869,data_6.json,869
co8830051,data_5.json,870,data_6.json,870
co8883322,data_5.json,871,data_6.json,871
co8831247,data_5.json,872,data_6.json,872
co8884587,data_5.json,873,data_6.json,873
co8834436,data_5.json,874,data_6.json,874
co8824519,data_5.json,875,data_6.json,875
co8825543,data_5.json,876,data_6.json,876
co8847861,data_5.json,877,data_6.json,877
co8833901,data_5.json,878,data_6.json,878
co8826876,data_5.json,879,data_6.json,879
co8885685,data_5.json,880,data_6.json,880
co8823188,data_5.json,881,data_6.json,881
co8830088,data_5.json,882,data_6.json,882
co8824731,data_5.json,883,data_6.json,883
co8887405,data_5.json,884,data_6.json,884
co8799044,data_5.json,885,data_6.json,885
co8830880,data_5.json,886,data_6.json,886
co8828040,data_5.json,887,data_6.json,887
co8826540,data_5.json,888,data_6.json,888
co8801675,data_5.json,889,data_6.json,889
co8798466,data_5.json,890,data_6.json,890
co8886649,data_5.json,891,data_6.json,891
co8801069,data_5.json,892,data_6.json,892
co8832980,data_5.json,893,data_6.json,893
co8800773,data_5.json,894,data_6.json,894
co8872378,data_5.json,895,data_6.json,895
co8825463,data_5.json,896,data_6.json,896
co8851906,data_5.json,897,data_6.json,897
co8834376,data_5.json,898,data_6.json,898
co8796831,data_5.json,899,data_6.json,899
co8831475,data_5.json,900,data_6.json,900
co8851695,data_5.json,901,data_6.json,901
co8822318,data_5.json,902,data_6.json,902
co8861976,data_5.json,903,data_6.json,903
co8886616,data_5.json,904,data_6.json,904
co8829979,data_5.json,905,data_6.json,905
co8803431,data_5.json,906,data_6.json,906
co8799503,data_5.json,907,data_6.json,907
co8798549,data_5.json,908,data_6.json,908
co8847447,data_5.json,909,data_6.json,909
co8887447,data_5.json,910,data_6.json,910
co8872912,data_5.json,911,data_6.json,911
co8833225,data_5.json,912,data_6.json,912
co8869321,data_5.json,913,data_6.json,913
co8798876,data_5.json,914,data_6.json,914
co8850452,data_5.json,915,data_6.json,915
co8821331,data_5.json,916,data_6.json,916
co8828443,data_5.json,917,data_6.json,917
co8875493,data_5.json,918,data_6.json,918
co8883859,data_5.json,919,data_6.json,919
co8869365,data_5.json,920,data_6.json,920
co8802835,data_5.json,921,data_6.json,921
co8831713,data_5.json,922,data_6.json,922
co8827986,data_5.json,923,data_6.json,923
co8803876,data_5.json,924,data_6.json,924
co8885939,data_5.json,925,data_6.json,925
co8832179,data_5.json,926,data_6.json,926
co8884506,data_5.json,927,data_6.json,927
co8884769,data_5.json,928,data_6.json,928
co8884738,data_5.json,929,data_6.json,929
co8886113,data_5.json,930,data_6.json,930
co8827134,data_5.json,931,data_6.json,931
co8887091,data_5.json,932,data_6.json,932
co8883469,data_5.json,933,data_6.json,933
co8798893,data_5.json,934,data_6.json,934
co8824759,data_5.json,935,data_6.json,935
co8861431,data_5.json,936,data_6.json,936
co8874982,data_5.json,937,data_6.json,937
co8853486,data_5.json,938,data_6.json,938
co8848489,data_5.json,939,data_6.json,939
co8824142,data_5.json,940,data_6.json,940
co8881207,data_5.json,941,data_6.json,941
co8847587,data_5.json,942,data_6.json,942
co8869337,data_5.json,943,data_6.json,943
co8832968,data_5.json,944,data_6.json,944
co8850334,data_5.json,945,data_6.json,945
co8873054,data_5.json,946,data_6.json,946
co8824332,data_5.json,947,data_6.json,947
co8878793,data_5.json,948,data_6.json,948
co8828977,data_5.json,949,data_6.json,949
co8875747,data_5.json,950,data_6.json,950
co8879665,data_5.json,951,data_6.json,951
co8852745,data_5.json,952,data_6.json,952
co8872168,data_5.json,953,data_6.json,953
co8827296,data_5.json,954,data_6.json,954
co8850494,data_5.json,955,data_6.json,955
co8874271,data_5.json,956,data_6.json,956
co8798866,data_5.json,957,data_6.json,957
co8822649,data_5.json,958,data_6.json,958
co8848134,data_5.json,959,data_6.json,959
co8861982,data_5.json,960,data_6.json,960
co8799150,data_5.json,961,data_6.json,961
co8874672,data_5.json,962,data_6.json,962
co8859459,data_5.json,963,data_6.json,963
co8852696,data_5.json,964,data_6.json,964
co8885498,data_5.json,965,data_6.json,965
co8851174,data_5.json,966,data_6.json,966
co8853374,data_5.json,967,data_6.json,967
co8826120,data_5.json,968,data_6.json,968
co8873887,data_5.json,969,data_6.json,969
co8849894,data_5.json,970,data_6.json,970
co8831438,data_5.json,971,data_6.json,971
co8824972,data_5.json,972,data_6.json,972
co8850078,data_5.json,973,data_6.json,973
co8822048,data_5.json,974,data_6.json,974
co8848253,data_5.json,975,data_6.json,975
co8833846,data_5.json,976,data_6.json,976
co8885196,data_5.json,977,data_6.json,977
co8822880,data_5.json,978,data_6.json,978
co8829360,data_5.json,979,data_6.json,979
co8852933,data_5.json,980,data_6.json,980
co8847612,data_5.json,981,data_6.json,981
co8800038,data_5.json,982,data_6.json,982
co8887079,data_5.json,983,data_6.json,983
co8875605,data_5.json,984,data_6.json,984
co8848595,data_5.json,985,data_6.json,985
co8826330,data_5.json,986,data_6.json,986
co8881263,data_5.json,987,data_6.json,987
co8859271,data_5.json,988,data_6.json,988
co8849104,data_5.json,989,data_6.json,989
co8849964,data_5.json,990,data_6.json,990
co8881829,data_5.json,991,data_6.json,991
co8821979,data_5.json,992,data_6.json,992
co8847931,data_5.json,993,data_6.json,993
co8801696,data_5.json,994,data_6.json,994
co8872650,data_5.json,995,data_6.json,995
co8876418,data_5.json,996,data_6.json,996
co8860193,data_5.json,997,data_6.json,997
co8847298,data_5.json,998,data_6.json,998
co8849772,data_5.json,999,data_6.json,999
co8861881,data_5.json,1000,data_6.json,1000
co8875914,data_5.json,1001,data_6.json,1001
co8850538,data_5.json,1002,data_6.json,1002
co8874327,data_5.json,1003,data_6.json,1003
co8823894,data_5.json,1004,data_6.json,1004
co8833842,data_5.json,1005,data_6.json,1005
co8851170,data_5.json,1006,data_6.json,1006
co8860637,data_5.json,1007,data_6.json,1007
co8829685,data_5.json,1008,data_6.json,1008
co8886659,data_5.json,1009,data_6.json,1009
co8860000,data_5.json,1010,data_6.json,1010
co8876427,data_5.json,1011,data_6.json,1011
co8875337,data_5.json,1012,data_6.json,1012
co8828386,data_5.json,1013,data_6.json,1013
co8885194,data_5.json,1014,data_6.json,1014
co8848867,data_5.json,1015,data_6.json,1015
co8878403,data_5.json,1016,data_6.json,1016
co8877180,data_5.json,1017,data_6.json,1017
co8798807,data_5.json,1018,data_6.json,1018
co8887652,data_5.json,1019,data_6.json,1019
co8886703,data_5.json,1020,data_6.json,1020
co8849676,data_5.json,1021,data_6.json,1021
co8874069,data_5.json,1022,data_6.json,1022
co8883649,data_5.json,1023,data_6.json,1023
co8801141,data_5.json,1024,data_6.json,1024
co8822356,data_5.json,1025,data_6.json,1025
co8823796,data_5.json,1026,data_6.json,1026
co8847146,data_5.json,1027,data_6.json,1027
co8873685,data_5.json,1028,data_6.json,1028
co8884120,data_5.json,1029,data_6.json,1029
co8875404,data_5.json,1030,data_6.json,1030
co8822017,data_5.json,1031,data_6.json,1031
co8847218,data_5.json,1032,data_6.json,1032
co8801755,data_5.json,1033,data_6.json,1033
co8829022,data_5.json,1034,data_6.json,1034
co8860794,data_5.json,1035,data_6.json,1035
co8877329,data_5.json,1036,data_6.json,1036
co8828328,data_5.json,1037,data_6.json,1037
co8887278,data_5.json,1038,data_6.json,1038
co8847670,data_5.json,1039,data_6.json,1039
co8875257,data_5.json,1040,data_6.json,1040
co8877040,data_5.json,1041,data_6.json,1041
co8847160,data_5.json,1042,data_6.json,1042
co8876524,data_5.json,1043,data_6.json,1043
co8846943,data_5.json,1044,data_6.json,1044
co8878186,data_5.json,1045,data_6.json,1045
co8849695,data_5.json,1046,data_6.json,1046
co8850229,data_5.json,1047,data_6.json,1047
co8850862,data_5.json,1048,data_6.json,1048
co8801997,data_5.json,1049,data_6.json,1049
co8828832,data_5.json,1050,data_6.json,1050
co8859667,data_5.json,1051,data_6.json,1051
co8875933,data_5.json,1052,data_6.json,1052
co8869872,data_5.json,1053,data_6.json,1053
co8861633,data_5.json,1054,data_6.json,1054
co8860954,data_5.json,1055,data_6.json,1055
co8821701,data_5.json,1056,data_6.json,1056
co8884704,data_5.json,1057,data_6.json,1057
co8798259,data_5.json,1058,data_6.json,1058
co8823389,data_5.json,1059,data_6.json,1059
co8848352,data_5.json,1060,data_6.json,1060
co8800353,data_5.json,1061,data_6.json,1061
co8860317,data_5.json,1062,data_6.json,1062
co8849817,data_5.json,1063,data_6.json,1063
co8799791,data_5.json,1064,data_6.json,1064
co8847947,data_5.json,1065,data_6.json,1065
co8884647,data_5.json,1066,data_6.json,1066
co8826223,data_5.json,1067,data_6.json,1067
co8880427,data_5.json,1068,data_6.json,1068
co8822960,data_5.json,1069,data_6.json,1069
co8859842,data_5.json,1070,data_6.json,1070
co8846817,data_5.json,1071,data_6.json,1071
co8853006,data_5.json,1072,data_6.json,1072
co8883191,data_5.json,1073,data_6.json,1073
co8825544,data_5.json,1074,data_6.json,1074
co8801803,data_5.json,1075,data_6.json,1075
co8823939,data_5.json,1076,data_6.json,1076
co8874123,data_5.json,1077,data_6.json,1077
co8823775,data_5.json,1078,data_6.json,1078
co8802774,data_5.json,1079,data_6.json,1079
co8869738,data_5.json,1080,data_6.json,1080
co8885731,data_5.json,1081,data_6.json,1081
co8882298,data_5.json,1082,data_6.json,1082
co8883703,data_5.json,1083,data_6.json,1083
co8848402,data_5.json,1084,data_6.json,1084
co8886900,data_5.json,1085,data_6.json,1085
co8875872,data_5.json,1086,data_6.json,1086
co8886686,data_5.json,1087,data_6.json,1087
co8849860,data_5.json,1088,data_6.json,1088
co8878586,data_5.json,1089,data_6.json,1089
co8796868,data_5.json,1090,data_6.json,1090
co8801543,data_5.json,1091,data_6.json,1091
co8853400,data_5.json,1092,data_6.json,1092
co8860842,data_5.json,1093,data_6.json,1093
co8852802,data_5.json,1094,data_6.json,1094
co8884948,data_5.json,1095,data_6.json,1095
co8852771,data_5.json,1096,data_6.json,1096
co8880087,data_5.json,1097,data_6.json,1097
co8828838,data_5.json,1098,data_6.json,1098
co8847426,data_5.json,1099,data_6.json,1099
co8883414,data_5.json,1100,data_6.json,1100
co8880089,data_5.json,1101,data_6.json,1101
co8872300,data_5.json,1102,data_6.json,1102
co8851464,data_5.json,1103,data_6.json,1103
co8849368,data_5.json,1104,data_6.json,1104
co8877993,data_5.json,1105,data_6.json,1105
co8847379,data_5.json,1106,data_6.json,1106
co8861267,data_5.json,1107,data_6.json,1107
co8883160,data_5.json,1108,data_6.json,1108
co8824952,data_5.json,1109,data_6.json,1109
co8860823,data_5.json,1110,data_6.json,1110
co8886545,data_5.json,1111,data_6.json,1111
co8872535,data_5.json,1112,data_6.json,1112
co8798606,data_5.json,1113,data_6.json,1113
co8826110,data_5.json,1114,data_6.json,1114
co8803375,data_5.json,1115,data_6.json,1115
co8869501,data_5.json,1116,data_6.json,1116
co8869517,data_5.json,1117,data_6.json,1117
co8869487,data_5.json,1118,data_6.json,1118
co8869536,data_5.json,1119,data_6.json,1119
co8869526,data_5.json,1120,data_6.json,1120
co8869550,data_5.json,1121,data_6.json,1121
co8803958,data_5.json,1122,data_6.json,1122
co8831747,data_5.json,1123,data_6.json,1123
co8887306,data_5.json,1124,data_6.json,1124
co8887339,data_5.json,1125,data_6.json,1125
co8887321,data_5.json,1126,data_6.json,1126
co8887355,data_5.json,1127,data_6.json,1127
co8888469,data_5.json,1128,data_6.json,1128
co8883580,data_5.json,1129,data_6.json,1129
co8883585,data_5.json,1130,data_6.json,1130
co8888545,data_5.json,1131,data_6.json,1131
co8888415,data_5.json,1132,data_6.json,1132
co8888422,data_5.json,1133,data_6.json,1133
co8888383,data_5.json,1134,data_6.json,1134
co8796885,data_5.json,1135,data_6.json,1135
co8823136,data_5.json,1136,data_6.json,1136
co8828946,data_5.json,1137,data_6.json,1137
co8800567,data_5.json,1138,data_6.json,1138
co8831019,data_5.json,1139,data_6.json,1139
co8796894,data_5.json,1140,data_6.json,1140
co8823986,data_5.json,1141,data_6.json,1141
co8824339,data_5.json,1142,data_6.json,1142
co8823848,data_5.json,1143,data_6.json,1143
co8798642,data_5.json,1144,data_6.json,1144
co8798753,data_5.json,1145,data_6.json,1145
co8831295,data_5.json,1146,data_6.json,1146
co8821477,data_5.json,1147,data_6.json,1147
co8827484,data_5.json,1148,data_6.json,1148
co8830564,data_5.json,1149,data_6.json,1149
co8797166,data_5.json,1150,data_6.json,1150
co8824026,data_5.json,1151,data_6.json,1151
co8802062,data_5.json,1152,data_6.json,1152
co8830219,data_5.json,1153,data_6.json,1153
co8801570,data_5.json,1154,data_6.json,1154
co8827192,data_5.json,1155,data_6.json,1155
co8829586,data_5.json,1156,data_6.json,1156
co8799446,data_5.json,1157,data_6.json,1157
co8799737,data_5.json,1158,data_6.json,1158
co8829687,data_5.json,1159,data_6.json,1159
co8804554,data_5.json,1160,data_6.json,1160
co8822816,data_5.json,1161,data_6.json,1161
co8827816,data_5.json,1162,data_6.json,1162
co8796620,data_5.json,1163,data_6.json,1163
co8826518,data_5.json,1164,data_6.json,1164
co8832289,data_5.json,1165,data_6.json,1165
co8823148,data_5.json,1166,data_6.json,1166
co8823295,data_5.json,1167,data_6.json,1167
co8826246,data_5.json,1168,data_6.json,1168
co8827809,data_5.json,1169,data_6.json,1169
co8827108,data_5.json,1170,data_6.json,1170
co8797282,data_5.json,1171,data_6.json,1171
co8801653,data_5.json,1172,data_6.json,1172
co8821411,data_5.json,1173,data_6.json,1173
co8825820,data_5.json,1174,data_6.json,1174
co8799445,data_5.json,1175,data_6.json,1175
co8797448,data_5.json,1176,data_6.json,1176
co8825872,data_5.json,1177,data_6.json,1177
co8798825,data_5.json,1178,data_6.json,1178
co8827049,data_5.json,1179,data_6.json,1179
co8829191,data_5.json,1180,data_6.json,1180
co8824824,data_5.json,1181,data_6.json,1181
co8799389,data_5.json,1182,data_6.json,1182
co8830465,data_5.json,1183,data_6.json,1183
co8830608,data_5.json,1184,data_6.json,1184
co8796910,data_5.json,1185,data_6.json,1185
co8830483,data_5.json,1186,data_6.json,1186
co8829235,data_5.json,1187,data_6.json,1187
co8828604,data_5.json,1188,data_6.json,1188
co8825804,data_5.json,1189,data_6.json,1189
co8804222,data_5.json,1190,data_6.json,1190
co8827137,data_5.json,1191,data_6.json,1191
co8797250,data_5.json,1192,data_6.json,1192
co8798932,data_5.json,1193,data_6.json,1193
co8823681,data_5.json,1194,data_6.json,1194
co8796697,data_5.json,1195,data_6.json,1195
co8797094,data_5.json,1196,data_6.json,1196
co8798612,data_5.json,1197,data_6.json,1197
co8888639,data_5.json,1198,data_6.json,1198
co8883479,data_5.json,1199,data_6.json,1199
co8869639,data_5.json,1200,data_6.json,1200
co8886159,data_5.json,1201,data_6.json,1201
co8879093,data_5.json,1202,data_6.json,1202
co8852138,data_5.json,1203,data_6.json,1203
co8862111,data_5.json,1204,data_6.json,1204
co8850783,data_5.json,1205,data_6.json,1205
co8878175,data_5.json,1206,data_6.json,1206
co8875737,data_5.json,1207,data_6.json,1207
co8880756,data_5.json,1208,data_6.json,1208
co8850747,data_5.json,1209,data_6.json,1209
co8874644,data_5.json,1210,data_6.json,1210
co8860252,data_5.json,1211,data_6.json,1211
co8885786,data_5.json,1212,data_6.json,1212
co8885043,data_5.json,1213,data_6.json,1213
co8874151,data_5.json,1214,data_6.json,1214
co8848610,data_5.json,1215,data_6.json,1215
co8851280,data_5.json,1216,data_6.json,1216
co8853121,data_5.json,1217,data_6.json,1217
co8859631,data_5.json,1218,data_6.json,1218
co8878075,data_5.json,1219,data_6.json,1219
co8874197,data_5.json,1220,data_6.json,1220
co8852177,data_5.json,1221,data_6.json,1221
co8878371,data_5.json,1222,data_6.json,1222
co8853073,data_5.json,1223,data_6.json,1223
co8849849,data_5.json,1224,data_6.json,1224
co8852301,data_5.json,1225,data_6.json,1225
co8830444,data_5.json,1226,data_6.json,1226
co8826049,data_5.json,1227,data_6.json,1227
co8830457,data_5.json,1228,data_6.json,1228
co8826434,data_5.json,1229,data_6.json,1229
co8850206,data_5.json,1230,data_6.json,1230
co8848073,data_5.json,1231,data_6.json,1231
co8860470,data_5.json,1232,data_6.json,1232
co8885715,data_5.json,1233,data_6.json,1233
co8881489,data_5.json,1234,data_6.json,1234
co8860283,data_5.json,1235,data_6.json,1235
co8859294,data_5.json,1236,data_6.json,1236
co8886756,data_5.json,1237,data_6.json,1237
co8849262,data_5.json,1238,data_6.json,1238
co8825024,data_5.json,1239,data_6.json,1239
co8861018,data_5.json,1240,data_6.json,1240
co8804656,data_5.json,1241,data_6.json,1241
co8850653,data_5.json,1242,data_6.json,1242
co8826231,data_5.json,1243,data_6.json,1243
co8859219,data_5.json,1244,data_6.json,1244
co8886411,data_5.json,1245,data_6.json,1245
co8823742,data_5.json,1246,data_6.json,1246
co8878999,data_5.json,1247,data_6.json,1247
co8884714,data_5.json,1248,data_6.json,1248
co8859822,data_5.json,1249,data_6.json,1249
co8833095,data_5.json,1250,data_6.json,1250
co8829122,data_5.json,1251,data_6.json,1251
co8881484,data_5.json,1252,data_6.json,1252
co8800646,data_5.json,1253,data_6.json,1253
co8851657,data_5.json,1254,data_6.json,1254
co8850345,data_5.json,1255,data_6.json,1255
co8847033,data_5.json,1256,data_6.json,1256
co8886673,data_5.json,1257,data_6.json,1257
co8823740,data_5.json,1258,data_6.json,1258
co8885293,data_5.json,1259,data_6.json,1259
co8872617,data_5.json,1260,data_6.json,1260
co8874231,data_5.json,1261,data_6.json,1261
co8827126,data_5.json,1262,data_6.json,1262
co8873301,data_5.json,1263,data_6.json,1263
co8880507,data_5.json,1264,data_6.json,1264
co8859435,data_5.json,1265,data_6.json,1265
co8833866,data_5.json,1266,data_6.json,1266
co8825386,data_5.json,1267,data_6.json,1267
co8826175,data_5.json,1268,data_6.json,1268
co8876598,data_5.json,1269,data_6.json,1269
co8869544,data_5.json,1270,data_6.json,1270
co8869529,data_5.json,1271,data_6.json,1271
co8829626,data_5.json,1272,data_6.json,1272
co8830246,data_5.json,1273,data_6.json,1273
co8826519,data_5.json,1274,data_6.json,1274
co8832030,data_5.json,1275,data_6.json,1275
co8825923,data_5.json,1276,data_6.json,1276
co8797343,data_5.json,1277,data_6.json,1277
co8829899,data_5.json,1278,data_6.json,1278
co8830876,data_5.json,1279,data_6.json,1279
co8800501,data_5.json,1280,data_6.json,1280
co8879777,data_5.json,1281,data_6.json,1281
co8879088,data_5.json,1282,data_6.json,1282
co8849077,data_5.json,1283,data_6.json,1283
co8881793,data_5.json,1284,data_6.json,1284
co8852234,data_5.json,1285,data_6.json,1285
co8876125,data_5.json,1286,data_6.json,1286
co8852820,data_5.json,1287,data_6.json,1287
co8847201,data_5.json,1288,data_6.json,1288
co8878461,data_5.json,1289,data_6.json,1289
co8876194,data_5.json,1290,data_6.json,1290
co8875489,data_5.json,1291,data_6.json,1291
co8849898,data_5.json,1292,data_6.json,1292
co8875419,data_5.json,1293,data_6.json,1293
co8862430,data_5.json,1294,data_6.json,1294
co8877751,data_5.json,1295,data_6.json,1295
co8878754,data_5.json,1296,data_6.json,1296
co8874372,data_5.json,1297,data_6.json,1297
co8887616,data_5.json,1298,data_6.json,1298
co8852357,data_5.json,1299,data_6.json,1299
co8877360,data_5.json,1300,data_6.json,1300
co8876871,data_5.json,1301,data_6.json,1301
co8881203,data_5.json,1302,data_6.json,1302
co8847773,data_5.json,1303,data_6.json,1303
co8851828,data_5.json,1304,data_6.json,1304
co8879482,data_5.json,1305,data_6.json,1305
co8824012,data_5.json,1306,data_6.json,1306
co8851942,data_5.json,1307,data_6.json,1307
co8804419,data_5.json,1308,data_6.json,1308
co8797625,data_5.json,1309,data_6.json,1309
co8850890,data_5.json,1310,data_6.json,1310
co8823934,data_5.json,1311,data_6.json,1311
co8804744,data_5.json,1312,data_6.json,1312
co8823201,data_5.json,1313,data_6.json,1313
co8887056,data_5.json,1314,data_6.json,1314
co8830637,data_5.json,1315,data_6.json,1315
co8798735,data_5.json,1316,data_6.json,1316
co8802971,data_5.json,1317,data_6.json,1317
co8798219,data_5.json,1318,data_6.json,1318
co8801418,data_5.json,1319,data_6.json,1319
co8859130,data_5.json,1320,data_6.json,1320
co8798336,data_5.json,1321,data_6.json,1321
co8859031,data_5.json,1322,data_6.json,1322
co8885079,data_5.json,1323,data_6.json,1323
co8834189,data_5.json,1324,data_6.json,1324
co8851951,data_5.json,1325,data_6.json,1325
co8846711,data_5.json,1326,data_6.json,1326
co8849516,data_5.json,1327,data_6.json,1327
co8887112,data_5.json,1328,data_6.json,1328
co8834409,data_5.json,1329,data_6.json,1329
co8853367,data_5.json,1330,data_6.json,1330
co8827839,data_5.json,1331,data_6.json,1331
co8825914,data_5.json,1332,data_6.json,1332
co8826516,data_5.json,1333,data_6.json,1333
co8824737,data_5.json,1334,data_6.json,1334
co8848086,data_5.json,1335,data_6.json,1335
co8861500,data_5.json,1336,data_6.json,1336
co8823284,data_5.json,1337,data_6.json,1337
co8802917,data_5.json,1338,data_6.json,1338
co8851727,data_5.json,1339,data_6.json,1339
co8883440,data_5.json,1340,data_6.json,1340
co8796623,data_5.json,1341,data_6.json,1341
co8802578,data_5.json,1342,data_6.json,1342
co8887161,data_5.json,1343,data_6.json,1343
co8834449,data_5.json,1344,data_6.json,1344
co8851995,data_5.json,1345,data_6.json,1345
co8887625,data_5.json,1346,data_6.json,1346
co8887660,data_5.json,1347,data_6.json,1347
co8846929,data_5.json,1348,data_6.json,1348
co8849779,data_5.json,1349,data_6.json,1349
co8848347,data_5.json,1350,data_6.json,1350
co8831484,data_5.json,1351,data_6.json,1351
co8848442,data_5.json,1352,data_6.json,1352
co8884403,data_5.json,1353,data_6.json,1353
co8804670,data_5.json,1354,data_6.json,1354
co8873283,data_5.json,1355,data_6.json,1355
co8847334,data_5.json,1356,data_6.json,1356
co8852911,data_5.json,1357,data_6.json,1357
co8826146,data_5.json,1358,data_6.json,1358
co8852533,data_5.json,1359,data_6.json,1359
co8881971,data_5.json,1360,data_6.json,1360
co8883671,data_5.json,1361,data_6.json,1361
co8830266,data_5.json,1362,data_6.json,1362
co8800966,data_5.json,1363,data_6.json,1363
co8832186,data_5.json,1364,data_6.json,1364
co8825070,data_5.json,1365,data_6.json,1365
co8831182,data_5.json,1366,data_6.json,1366
co8877344,data_5.json,1367,data_6.json,1367
co8881290,data_5.json,1368,data_6.json,1368
co8862531,data_5.json,1369,data_6.json,1369
co8873135,data_5.json,1370,data_6.json,1370
co8876440,data_5.json,1371,data_6.json,1371
co8861036,data_5.json,1372,data_6.json,1372
co8873690,data_5.json,1373,data_6.json,1373
co8881294,data_5.json,1374,data_6.json,1374
co8879275,data_5.json,1375,data_6.json,1375
co8846807,data_5.json,1376,data_6.json,1376
co8860260,data_5.json,1377,data_6.json,1377
co8848044,data_5.json,1378,data_6.json,1378
co8852919,data_5.json,1379,data_6.json,1379
co8880450,data_5.json,1380,data_6.json,1380
co8875779,data_5.json,1381,data_6.json,1381
co8878749,data_5.json,1382,data_6.json,1382
co8873451,data_5.json,1383,data_6.json,1383
co8873945,data_5.json,1384,data_6.json,1384
co8876560,data_5.json,1385,data_6.json,1385
co8876823,data_5.json,1386,data_6.json,1386
co8869853,data_5.json,1387,data_6.json,1387
co8852894,data_5.json,1388,data_6.json,1388
co8860638,data_5.json,1389,data_6.json,1389
co8874469,data_5.json,1390,data_6.json,1390
co8886322,data_5.json,1391,data_6.json,1391
co8849238,data_5.json,1392,data_6.json,1392
co8850561,data_5.json,1393,data_6.json,1393
co8822815,data_5.json,1394,data_6.json,1394
co8846639,data_5.json,1395,data_6.json,1395
co8800339,data_5.json,1396,data_6.json,1396
co8831077,data_5.json,1397,data_6.json,1397
co8834583,data_5.json,1398,data_6.json,1398
co8849560,data_5.json,1399,data_6.json,1399
co8859152,data_5.json,1400,data_6.json,1400
co8822334,data_5.json,1401,data_6.json,1401
co8878178,data_5.json,1402,data_6.json,1402
co8802526,data_5.json,1403,data_6.json,1403
co8849719,data_5.json,1404,data_6.json,1404
co8800710,data_5.json,1405,data_6.json,1405
co8847240,data_5.json,1406,data_6.json,1406
co8869412,data_5.json,1407,data_6.json,1407
co8797774,data_5.json,1408,data_6.json,1408
co8825239,data_5.json,1409,data_6.json,1409
co8826219,data_5.json,1410,data_6.json,1410
co8869673,data_5.json,1411,data_6.json,1411
co8848132,data_5.json,1412,data_6.json,1412
co8872492,data_5.json,1413,data_6.json,1413
co8879529,data_5.json,1414,data_6.json,1414
co8834225,data_5.json,1415,data_6.json,1415
co8797994,data_5.json,1416,data_6.json,1416
co8802458,data_5.json,1417,data_6.json,1417
co8884206,data_5.json,1418,data_6.json,1418
co8826483,data_5.json,1419,data_6.json,1419
co8880050,data_5.json,1420,data_6.json,1420
co8804708,data_5.json,1421,data_6.json,1421
co8882333,data_5.json,1422,data_6.json,1422
co8798044,data_5.json,1423,data_6.json,1423
co8850591,data_5.json,1424,data_6.json,1424
co8872400,data_5.json,1425,data_6.json,1425
co8799126,data_5.json,1426,data_6.json,1426
co8885902,data_5.json,1427,data_6.json,1427
co8822282,data_5.json,1428,data_6.json,1428
co8803992,data_5.json,1429,data_6.json,1429
co8802032,data_5.json,1430,data_6.json,1430
co8827123,data_5.json,1431,data_6.json,1431
co8884016,data_5.json,1432,data_6.json,1432
co8876568,data_5.json,1433,data_6.json,1433
co8884408,data_5.json,1434,data_6.json,1434
co8860531,data_5.json,1435,data_6.json,1435
co8880755,data_5.json,1436,data_6.json,1436
co8826172,data_5.json,1437,data_6.json,1437
co8877074,data_5.json,1438,data_6.json,1438
co8884585,data_5.json,1439,data_6.json,1439
co8878421,data_5.json,1440,data_6.json,1440
co8861096,data_5.json,1441,data_6.json,1441
co8869560,data_5.json,1442,data_6.json,1442
co8888373,data_5.json,1443,data_6.json,1443
co8823277,data_5.json,1444,data_6.json,1444
co8824223,data_5.json,1445,data_6.json,1445
co8798640,data_5.json,1446,data_6.json,1446
co8801220,data_5.json,1447,data_6.json,1447
co8797191,data_5.json,1448,data_6.json,1448
co8832176,data_5.json,1449,data_6.json,1449
co8825160,data_5.json,1450,data_6.json,1450
co8824551,data_5.json,1451,data_6.json,1451
co8847646,data_5.json,1452,data_6.json,1452
co8886599,data_5.json,1453,data_6.json,1453
co8876675,data_5.json,1454,data_6.json,1454
co8849912,data_5.json,1455,data_6.json,1455
co8878254,data_5.json,1456,data_6.json,1456
co8880418,data_5.json,1457,data_6.json,1457
co8861398,data_5.json,1458,data_6.json,1458
co8874574,data_5.json,1459,data_6.json,1459
co8827624,data_5.json,1460,data_6.json,1460
co8873614,data_5.json,1461,data_6.json,1461
co8887592,data_5.json,1462,data_6.json,1462
co8874887,data_5.json,1463,data_6.json,1463
co8878214,data_5.json,1464,data_6.json,1464
co8877099,data_5.json,1465,data_6.json,1465
co8876607,data_5.json,1466,data_6.json,1466
co8847185,data_5.json,1467,data_6.json,1467
co8847841,data_5.json,1468,data_6.json,1468
co8859484,data_5.json,1469,data_6.json,1469
co8873619,data_5.json,1470,data_6.json,1470
co8876904,data_5.json,1471,data_6.json,1471
co8872639,data_5.json,1472,data_6.json,1472
co8888854,data_5.json,1473,data_6.json,1473
co8879117,data_5.json,1474,data_6.json,1474
co8847715,data_5.json,1475,data_6.json,1475
co8860037,data_5.json,1476,data_6.json,1476
co8835030,data_5.json,1477,data_6.json,1477
co8874695,data_5.json,1478,data_6.json,1478
co8849691,data_5.json,1479,data_6.json,1479
co8876841,data_5.json,1480,data_6.json,1480
co8852891,data_5.json,1481,data_6.json,1481
co8861264,data_5.json,1482,data_6.json,1482
co8878604,data_5.json,1483,data_6.json,1483
co8878597,data_5.json,1484,data_6.json,1484
co8877974,data_5.json,1485,data_6.json,1485
co8847312,data_5.json,1486,data_6.json,1486
co8875765,data_5.json,1487,data_6.json,1487
co8874681,data_5.json,1488,data_6.json,1488
co8852924,data_5.json,1489,data_6.json,1489
co8860814,data_5.json,1490,data_6.json,1490
co8830543,data_5.json,1491,data_6.json,1491
co8798997,data_5.json,1492,data_6.json,1492
co8825310,data_5.json,1493,data_6.json,1493
co8825797,data_5.json,1494,data_6.json,1494
co8834868,data_5.json,1495,data_6.json,1495
co8861795,data_5.json,1496,data_6.json,1496
co8829506,data_5.json,1497,data_6.json,1497
co8872151,data_5.json,1498,data_6.json,1498
co8850640,data_5.json,1499,data_6.json,1499
co8846951,data_5.json,1500,data_6.json,1500
co8850545,data_5.json,1501,data_6.json,1501
co8882126,data_5.json,1502,data_6.json,1502
co8881989,data_5.json,1503,data_6.json,1503
co8872336,data_5.json,1504,data_6.json,1504
co8822034,data_5.json,1505,data_6.json,1505
co8884262,data_5.json,1506,data_6.json,1506
co8797591,data_5.json,1507,data_6.json,1507
co8859139,data_5.json,1508,data_6.json,1508
co8803792,data_5.json,1509,data_6.json,1509
co8846790,data_5.json,1510,data_6.json,1510
co8882769,data_5.json,1511,data_6.json,1511
co8879888,data_5.json,1512,data_6.json,1512
co8825816,data_5.json,1513,data_6.json,1513
co8876927,data_5.json,1514,data_6.json,1514
co8877282,data_5.json,1515,data_6.json,1515
co8801140,data_5.json,1516,data_6.json,1516
co8821630,data_5.json,1517,data_6.json,1517
co8830517,data_5.json,1518,data_6.json,1518
co8861004,data_5.json,1519,data_6.json,1519
co8887694,data_5.json,1520,data_6.json,1520
co8886173,data_5.json,1521,data_6.json,1521
co8803429,data_5.json,1522,data_6.json,1522
co8834557,data_5.json,1523,data_6.json,1523
co8886233,data_5.json,1524,data_6.json,1524
co8886128,data_5.json,1525,data_6.json,1525
co8831140,data_5.json,1526,data_6.json,1526
co8860677,data_5.json,1527,data_6.json,1527
co8879744,data_5.json,1528,data_6.json,1528
co8850091,data_5.json,1529,data_6.json,1529
co8876798,data_5.json,1530,data_6.json,1530
co8829569,data_5.json,1531,data_6.json,1531
co8873127,data_5.json,1532,data_6.json,1532
co8885479,data_5.json,1533,data_6.json,1533
co8873501,data_5.json,1534,data_6.json,1534
co8885319,data_5.json,1535,data_6.json,1535
co8873575,data_5.json,1536,data_6.json,1536
co8886812,data_5.json,1537,data_6.json,1537
co8874794,data_5.json,1538,data_6.json,1538
co8886360,data_5.json,1539,data_6.json,1539
co8849316,data_5.json,1540,data_6.json,1540
co8804477,data_5.json,1541,data_6.json,1541
co8878576,data_5.json,1542,data_6.json,1542
co8804602,data_5.json,1543,data_6.json,1543
co8874991,data_5.json,1544,data_6.json,1544
co8830226,data_5.json,1545,data_6.json,1545
co8823322,data_5.json,1546,data_6.json,1546
co8801204,data_5.json,1547,data_6.json,1547
co8800926,data_5.json,1548,data_6.json,1548
co8825693,data_5.json,1549,data_6.json,1549
co8801431,data_5.json,1550,data_6.json,1550
co8829936,data_5.json,1551,data_6.json,1551
co8852404,data_5.json,1552,data_6.json,1552
co8874609,data_5.json,1553,data_6.json,1553
co8873742,data_5.json,1554,data_6.json,1554
co8873290,data_5.json,1555,data_6.json,1555
co8846925,data_5.json,1556,data_6.json,1556
co8875821,data_5.json,1557,data_6.json,1557
co8876183,data_5.json,1558,data_6.json,1558
co8827622,data_5.json,1559,data_6.json,1559
co8859515,data_5.json,1560,data_6.json,1560
co8877761,data_5.json,1561,data_6.json,1561
co8877036,data_5.json,1562,data_6.json,1562
co8875289,data_5.json,1563,data_6.json,1563
co8873955,data_5.json,1564,data_6.json,1564
co8874992,data_5.json,1565,data_6.json,1565
co8852239,data_5.json,1566,data_6.json,1566
co8872751,data_5.json,1567,data_6.json,1567
co8874316,data_5.json,1568,data_6.json,1568
co8852948,data_5.json,1569,data_6.json,1569
co8860613,data_5.json,1570,data_6.json,1570
co8878404,data_5.json,1571,data_6.json,1571
co8877842,data_5.json,1572,data_6.json,1572
co8874744,data_5.json,1573,data_6.json,1573
co8873910,data_5.json,1574,data_6.json,1574
co8828009,data_5.json,1575,data_6.json,1575
co8823875,data_5.json,1576,data_6.json,1576
co8800209,data_5.json,1577,data_6.json,1577
co8849627,data_5.json,1578,data_6.json,1578
co8798009,data_5.json,1579,data_6.json,1579
co8885914,data_5.json,1580,data_6.json,1580
co8848673,data_5.json,1581,data_6.json,1581
co8848434,data_5.json,1582,data_6.json,1582
co8850430,data_5.json,1583,data_6.json,1583
co8849569,data_5.json,1584,data_6.json,1584
co8825491,data_5.json,1585,data_6.json,1585
co8849980,data_5.json,1586,data_6.json,1586
co8859712,data_5.json,1587,data_6.json,1587
co8828913,data_5.json,1588,data_6.json,1588
co8803123,data_5.json,1589,data_6.json,1589
co8847654,data_5.json,1590,data_6.json,1590
co8823400,data_5.json,1591,data_6.json,1591
co8887254,data_5.json,1592,data_6.json,1592
co8833188,data_5.json,1593,data_6.json,1593
co8834650,data_5.json,1594,data_6.json,1594
co8803333,data_5.json,1595,data_6.json,1595
co8821818,data_5.json,1596,data_6.json,1596
co8886049,data_5.json,1597,data_6.json,1597
co8885714,data_5.json,1598,data_6.json,1598
co8848566,data_5.json,1599,data_6.json,1599
co8801974,data_5.json,1600,data_6.json,1600
co8801745,data_5.json,1601,data_6.json,1601
co8883157,data_5.json,1602,data_6.json,1602
co8822617,data_5.json,1603,data_6.json,1603
co8830242,data_5.json,1604,data_6.json,1604
co8830398,data_5.json,1605,data_6.json,1605
co8827171,data_5.json,1606,data_6.json,1606
co8849868,data_5.json,1607,data_6.json,1607
co8823530,data_5.json,1608,data_6.json,1608
co8822869,data_5.json,1609,data_6.json,1609
co8853274,data_5.json,1610,data_6.json,1610
co8859170,data_5.json,1611,data_6.json,1611
co8831079,data_5.json,1612,data_6.json,1612
co8886186,data_5.json,1613,data_6.json,1613
co8851975,data_5.json,1614,data_6.json,1614
co8861805,data_5.json,1615,data_6.json,1615
co8828843,data_5.json,1616,data_6.json,1616
co8887619,data_5.json,1617,data_6.json,1617
co8804463,data_5.json,1618,data_6.json,1618
co8877355,data_5.json,1619,data_6.json,1619
co8879085,data_5.json,1620,data_6.json,1620
co8879728,data_5.json,1621,data_6.json,1621
co8885855,data_5.json,1622,data_6.json,1622
co8877412,data_5.json,1623,data_6.json,1623
co8824051,data_5.json,1624,data_6.json,1624
co8873772,data_5.json,1625,data_6.json,1625
co8873661,data_5.json,1626,data_6.json,1626
co8883461,data_5.json,1627,data_6.json,1627
co8851677,data_5.json,1628,data_6.json,1628
co8885098,data_5.json,1629,data_6.json,1629
co8823024,data_5.json,1630,data_6.json,1630
co8830536,data_5.json,1631,data_6.json,1631
co8830021,data_5.json,1632,data_6.json,1632
co8825042,data_5.json,1633,data_6.json,1633
co8800919,data_5.json,1634,data_6.json,1634
co8801349,data_5.json,1635,data_6.json,1635
co8833432,data_5.json,1636,data_6.json,1636
co8852451,data_5.json,1637,data_6.json,1637
co8875613,data_5.json,1638,data_6.json,1638
co8879134,data_5.json,1639,data_6.json,1639
co8862017,data_5.json,1640,data_6.json,1640
co8873055,data_5.json,1641,data_6.json,1641
co8877605,data_5.json,1642,data_6.json,1642
co8876774,data_5.json,1643,data_6.json,1643
co8877166,data_5.json,1644,data_6.json,1644
co8872870,data_5.json,1645,data_6.json,1645
co8860606,data_5.json,1646,data_6.json,1646
co8847876,data_5.json,1647,data_6.json,1647
co8872717,data_5.json,1648,data_6.json,1648
co8852195,data_5.json,1649,data_6.json,1649
co8851831,data_5.json,1650,data_6.json,1650
co8862259,data_5.json,1651,data_6.json,1651
co8888954,data_5.json,1652,data_6.json,1652
co8881165,data_5.json,1653,data_6.json,1653
co8876478,data_5.json,1654,data_6.json,1654
co8852200,data_5.json,1655,data_6.json,1655
co8877012,data_5.json,1656,data_6.json,1656
co8873050,data_5.json,1657,data_6.json,1657
co8874101,data_5.json,1658,data_6.json,1658
co8848735,data_5.json,1659,data_6.json,1659
co8862397,data_5.json,1660,data_6.json,1660
co8852934,data_5.json,1661,data_6.json,1661
co8878672,data_5.json,1662,data_6.json,1662
co8862457,data_5.json,1663,data_6.json,1663
co8798310,data_5.json,1664,data_6.json,1664
co8859467,data_5.json,1665,data_6.json,1665
co8883711,data_5.json,1666,data_6.json,1666
co8804445,data_5.json,1667,data_6.json,1667
co8828332,data_5.json,1668,data_6.json,1668
co8823637,data_5.json,1669,data_6.json,1669
co8834241,data_5.json,1670,data_6.json,1670
co8848699,data_5.json,1671,data_6.json,1671
co8887220,data_5.json,1672,data_6.json,1672
co8823240,data_5.json,1673,data_6.json,1673
co8821622,data_5.json,1674,data_6.json,1674
co8804843,data_5.json,1675,data_6.json,1675
co8847535,data_5.json,1676,data_6.json,1676
co8821841,data_5.json,1677,data_6.json,1677
co8825802,data_5.json,1678,data_6.json,1678
co8799585,data_5.json,1679,data_6.json,1679
co8858984,data_5.json,1680,data_6.json,1680
co8848877,data_5.json,1681,data_6.json,1681
co8828449,data_5.json,1682,data_6.json,1682
co8860355,data_5.json,1683,data_6.json,1683
co8851335,data_5.json,1684,data_6.json,1684
co8825910,data_5.json,1685,data_6.json,1685
co8829987,data_5.json,1686,data_6.json,1686
co8853170,data_5.json,1687,data_6.json,1687
co8852548,data_5.json,1688,data_6.json,1688
co8884906,data_5.json,1689,data_6.json,1689
co8803663,data_5.json,1690,data_6.json,1690
co8880670,data_5.json,1691,data_6.json,1691
co8859939,data_5.json,1692,data_6.json,1692
co8823356,data_5.json,1693,data_6.json,1693
co8827161,data_5.json,1694,data_6.json,1694
co8832708,data_5.json,1695,data_6.json,1695
co8883763,data_5.json,1696,data_6.json,1696
co8824281,data_5.json,1697,data_6.json,1697
co8827456,data_5.json,1698,data_6.json,1698
co8886030,data_5.json,1699,data_6.json,1699
co8802210,data_5.json,1700,data_6.json,1700
co8861007,data_5.json,1701,data_6.json,1701
co8859237,data_5.json,1702,data_6.json,1702
co8798560,data_5.json,1703,data_6.json,1703
co8822058,data_5.json,1704,data_6.json,1704
co8847353,data_5.json,1705,data_6.json,1705
co8849907,data_5.json,1706,data_6.json,1706
co8799118,data_5.json,1707,data_6.json,1707
co8822192,data_5.json,1708,data_6.json,1708
co8862584,data_5.json,1709,data_6.json,1709
co8851661,data_5.json,1710,data_6.json,1710
co8859169,data_5.json,1711,data_6.json,1711
co8859575,data_5.json,1712,data_6.json,1712
co8875219,data_5.json,1713,data_6.json,1713
co8851758,data_5.json,1714,data_6.json,1714
co8874924,data_5.json,1715,data_6.json,1715
co8796847,data_5.json,1716,data_6.json,1716
co8861010,data_5.json,1717,data_6.json,1717
co8850356,data_5.json,1718,data_6.json,1718
co8862051,data_5.json,1719,data_6.json,1719
co8862377,data_5.json,1720,data_6.json,1720
co8887201,data_5.json,1721,data_6.json,1721
co8822520,data_5.json,1722,data_6.json,1722
co8797674,data_5.json,1723,data_6.json,1723
co8830713,data_5.json,1724,data_6.json,1724
co8835038,data_5.json,1725,data_6.json,1725
co8800864,data_5.json,1726,data_6.json,1726
co8830565,data_5.json,1727,data_6.json,1727
co8821488,data_5.json,1728,data_6.json,1728
co8829934,data_5.json,1729,data_6.json,1729
co8885790,data_5.json,1730,data_6.json,1730
co8847060,data_5.json,1731,data_6.json,1731
co8888917,data_5.json,1732,data_6.json,1732
co8848293,data_5.json,1733,data_6.json,1733
co8852235,data_5.json,1734,data_6.json,1734
co8873662,data_5.json,1735,data_6.json,1735
co8877805,data_5.json,1736,data_6.json,1736
co8848274,data_5.json,1737,data_6.json,1737
co8847974,data_5.json,1738,data_6.json,1738
co8847068,data_5.json,1739,data_6.json,1739
co8848660,data_5.json,1740,data_6.json,1740
co8872478,data_5.json,1741,data_6.json,1741
co8851569,data_5.json,1742,data_6.json,1742
co8885049,data_5.json,1743,data_6.json,1743
co8873250,data_5.json,1744,data_6.json,1744
co8852249,data_5.json,1745,data_6.json,1745
co8875660,data_5.json,1746,data_6.json,1746
co8852205,data_5.json,1747,data_6.json,1747
co8862346,data_5.json,1748,data_6.json,1748
co8876404,data_5.json,1749,data_6.json,1749
co8849701,data_5.json,1750,data_6.json,1750
co8877391,data_5.json,1751,data_6.json,1751
co8861926,data_5.json,1752,data_6.json,1752
co8846931,data_5.json,1753,data_6.json,1753
co8876423,data_5.json,1754,data_6.json,1754
co8862229,data_5.json,1755,data_6.json,1755
co8878447,data_5.json,1756,data_6.json,1756
co8860178,data_5.json,1757,data_6.json,1757
co8876441,data_5.json,1758,data_6.json,1758
co8851074,data_5.json,1759,data_6.json,1759
co8875040,data_5.json,1760,data_6.json,1760
co8874780,data_5.json,1761,data_6.json,1761
co8801815,data_5.json,1762,data_6.json,1762
co8831710,data_5.json,1763,data_6.json,1763
co8804819,data_5.json,1764,data_6.json,1764
co8853179,data_5.json,1765,data_6.json,1765
co8885932,data_5.json,1766,data_6.json,1766
co8826310,data_5.json,1767,data_6.json,1767
co8823250,data_5.json,1768,data_6.json,1768
co8804740,data_5.json,1769,data_6.json,1769
co8830572,data_5.json,1770,data_6.json,1770
co8821397,data_5.json,1771,data_6.json,1771
co8799817,data_5.json,1772,data_6.json,1772
co8801642,data_5.json,1773,data_6.json,1773
co8882130,data_5.json,1774,data_6.json,1774
co8879977,data_5.json,1775,data_6.json,1775
co8798982,data_5.json,1776,data_6.json,1776
co8853205,data_5.json,1777,data_6.json,1777
co8823045,data_5.json,1778,data_6.json,1778
co8869475,data_5.json,1779,data_6.json,1779
co8859916,data_5.json,1780,data_6.json,1780
co8803216,data_5.json,1781,data_6.json,1781
co8803710,data_5.json,1782,data_6.json,1782
co8822789,data_5.json,1783,data_6.json,1783
co8859083,data_5.json,1784,data_6.json,1784
co8797553,data_5.json,1785,data_6.json,1785
co8804876,data_5.json,1786,data_6.json,1786
co8859706,data_5.json,1787,data_6.json,1787
co8823236,data_5.json,1788,data_6.json,1788
co8799278,data_5.json,1789,data_6.json,1789
co8881305,data_5.json,1790,data_6.json,1790
co8859239,data_5.json,1791,data_6.json,1791
co8826014,data_5.json,1792,data_6.json,1792
co8798039,data_5.json,1793,data_6.json,1793
co8852085,data_5.json,1794,data_6.json,1794
co8801497,data_5.json,1795,data_6.json,1795
co8887784,data_5.json,1796,data_6.json,1796
co8859828,data_5.json,1797,data_6.json,1797
co8883900,data_5.json,1798,data_6.json,1798
co8796994,data_5.json,1799,data_6.json,1799
co8828479,data_5.json,1800,data_6.json,1800
co8881954,data_5.json,1801,data_6.json,1801
co8877011,data_5.json,1802,data_6.json,1802
co8797941,data_5.json,1803,data_6.json,1803
co8847439,data_5.json,1804,data_6.json,1804
co8847221,data_5.json,1805,data_6.json,1805
co8850956,data_5.json,1806,data_6.json,1806
co8802261,data_5.json,1807,data_6.json,1807
co8825892,data_5.json,1808,data_6.json,1808
co8834751,data_5.json,1809,data_6.json,1809
co8886500,data_5.json,1810,data_6.json,1810
co8878881,data_5.json,1811,data_6.json,1811
co8859230,data_5.json,1812,data_6.json,1812
co8833859,data_5.json,1813,data_6.json,1813
co8873255,data_5.json,1814,data_6.json,1814
co8872343,data_5.json,1815,data_6.json,1815
co8823404,data_5.json,1816,data_6.json,1816
co8874726,data_5.json,1817,data_6.json,1817
co8875560,data_5.json,1818,data_6.json,1818
co8862640,data_5.json,1819,data_6.json,1819
co8847418,data_5.json,1820,data_6.json,1820
co8849792,data_5.json,1821,data_6.json,1821
co8869574,data_5.json,1822,data_6.json,1822
co8872170,data_5.json,1823,data_6.json,1823
co8827078,data_5.json,1824,data_6.json,1824
co8830466,data_5.json,1825,data_6.json,1825
co8829764,data_5.json,1826,data_6.json,1826
co8800730,data_5.json,1827,data_6.json,1827
co8801648,data_5.json,1828,data_6.json,1828
co8830364,data_5.json,1829,data_6.json,1829
co8885734,data_5.json,1830,data_6.json,1830
co8862504,data_5.json,1831,data_6.json,1831
co8869963,data_5.json,1832,data_6.json,1832
co8878003,data_5.json,1833,data_6.json,1833
co8850855,data_5.json,1834,data_6.json,1834
co8852353,data_5.json,1835,data_6.json,1835
co8882575,data_5.json,1836,data_6.json,1836
co8860432,data_5.json,1837,data_6.json,1837
co8878136,data_5.json,1838,data_6.json,1838
co8848507,data_5.json,1839,data_6.json,1839
co8879526,data_5.json,1840,data_6.json,1840
co8862202,data_5.json,1841,data_6.json,1841
co8884138,data_5.json,1842,data_6.json,1842
co8852984,data_5.json,1843,data_6.json,1843
co8873979,data_5.json,1844,data_6.json,1844
co8852806,data_5.json,1845,data_6.json,1845
co8886058,data_5.json,1846,data_6.json,1846
co8848892,data_5.json,1847,data_6.json,1847
co8876463,data_5.json,1848,data_6.json,1848
co8879232,data_5.json,1849,data_6.json,1849
co8877457,data_5.json,1850,data_6.json,1850
co8881651,data_5.json,1851,data_6.json,1851
co8878823,data_5.json,1852,data_6.json,1852
co8876411,data_5.json,1853,data_6.json,1853
co8834277,data_5.json,1854,data_6.json,1854
co8846661,data_5.json,1855,data_6.json,1855
co8803453,data_5.json,1856,data_6.json,1856
co8831738,data_5.json,1857,data_6.json,1857
co8885045,data_5.json,1858,data_6.json,1858
co8851725,data_5.json,1859,data_6.json,1859
co8826490,data_5.json,1860,data_6.json,1860
co8831913,data_5.json,1861,data_6.json,1861
co8804261,data_5.json,1862,data_6.json,1862
co8833404,data_5.json,1863,data_6.json,1863
co8802157,data_5.json,1864,data_6.json,1864
co8851455,data_5.json,1865,data_6.json,1865
co8829377,data_5.json,1866,data_6.json,1866
co8804600,data_5.json,1867,data_6.json,1867
co8830574,data_5.json,1868,data_6.json,1868
co8803436,data_5.json,1869,data_6.json,1869
co8800804,data_5.json,1870,data_6.json,1870
co8851536,data_5.json,1871,data_6.json,1871
co8847896,data_5.json,1872,data_6.json,1872
co8802254,data_5.json,1873,data_6.json,1873
co8822788,data_5.json,1874,data_6.json,1874
co8851969,data_5.json,1875,data_6.json,1875
co8803919,data_5.json,1876,data_6.json,1876
co8853222,data_5.json,1877,data_6.json,1877
co8821495,data_5.json,1878,data_6.json,1878
co8829027,data_5.json,1879,data_6.json,1879
co8847735,data_5.json,1880,data_6.json,1880
co8831286,data_5.json,1881,data_6.json,1881
co8846896,data_5.json,1882,data_6.json,1882
co8884993,data_5.json,1883,data_6.json,1883
co8852089,data_5.json,1884,data_6.json,1884
co8831086,data_5.json,1885,data_6.json,1885
co8884538,data_5.json,1886,data_6.json,1886
co8826761,data_5.json,1887,data_6.json,1887
co8883108,data_5.json,1888,data_6.json,1888
co8798124,data_5.json,1889,data_6.json,1889
co8826883,data_5.json,1890,data_6.json,1890
co8797837,data_5.json,1891,data_6.json,1891
co8849129,data_5.json,1892,data_6.json,1892
co8797778,data_5.json,1893,data_6.json,1893
co8832378,data_5.json,1894,data_6.json,1894
co8799096,data_5.json,1895,data_6.json,1895
co8884241,data_5.json,1896,data_6.json,1896
co8828519,data_5.json,1897,data_6.json,1897
co8851315,data_5.json,1898,data_6.json,1898
co8847889,data_5.json,1899,data_6.json,1899
co8804433,data_5.json,1900,data_6.json,1900
co8876121,data_5.json,1901,data_6.json,1901
co8835056,data_5.json,1902,data_6.json,1902
co8872461,data_5.json,1903,data_6.json,1903
co8804584,data_5.json,1904,data_6.json,1904
co8875561,data_5.json,1905,data_6.json,1905
co8803532,data_5.json,1906,data_6.json,1906
co8852666,data_5.json,1907,data_6.json,1907
co8803932,data_5.json,1908,data_6.json,1908
co8869697,data_5.json,1909,data_6.json,1909
co8847251,data_5.json,1910,data_6.json,1910
co8884770,data_5.json,1911,data_6.json,1911
co8799456,data_5.json,1912,data_6.json,1912
co8869589,data_5.json,1913,data_6.json,1913
co8888408,data_5.json,1914,data_6.json,1914
co8796698,data_5.json,1915,data_6.json,1915
co8823178,data_5.json,1916,data_6.json,1916
co8800881,data_5.json,1917,data_6.json,1917
co8830481,data_5.json,1918,data_6.json,1918
co8878009,data_5.json,1919,data_6.json,1919
co8874771,data_5.json,1920,data_6.json,1920
co8852668,data_5.json,1921,data_6.json,1921
co8873116,data_5.json,1922,data_6.json,1922
co8874165,data_5.json,1923,data_6.json,1923
co8873067,data_5.json,1924,data_6.json,1924
co8877897,data_5.json,1925,data_6.json,1925
co8880545,data_5.json,1926,data_6.json,1926
co8852457,data_5.json,1927,data_6.json,1927
co8874522,data_5.json,1928,data_6.json,1928
co8886221,data_5.json,1929,data_6.json,1929
co8878442,data_5.json,1930,data_6.json,1930
co8875071,data_5.json,1931,data_6.json,1931
co8876232,data_5.json,1932,data_6.json,1932
co8878268,data_5.json,1933,data_6.json,1933
co8874725,data_5.json,1934,data_6.json,1934
co8888800,data_5.json,1935,data_6.json,1935
co8877430,data_5.json,1936,data_6.json,1936
co8835005,data_5.json,1937,data_6.json,1937
co8872791,data_5.json,1938,data_6.json,1938
co8877902,data_5.json,1939,data_6.json,1939
co8874348,data_5.json,1940,data_6.json,1940
co8875201,data_5.json,1941,data_6.json,1941
co8884277,data_5.json,1942,data_6.json,1942
co8878866,data_5.json,1943,data_6.json,1943
co8878581,data_5.json,1944,data_6.json,1944
co8851428,data_5.json,1945,data_6.json,1945
co8872446,data_5.json,1946,data_6.json,1946
co8873159,data_5.json,1947,data_6.json,1947
co8862234,data_5.json,1948,data_6.json,1948
co8872759,data_5.json,1949,data_6.json,1949
co8860849,data_5.json,1950,data_6.json,1950
co8825260,data_5.json,1951,data_6.json,1951
co8881980,data_5.json,1952,data_6.json,1952
co8883704,data_5.json,1953,data_6.json,1953
co8802153,data_5.json,1954,data_6.json,1954
co8853380,data_5.json,1955,data_6.json,1955
co8830048,data_5.json,1956,data_6.json,1956
co8803839,data_5.json,1957,data_6.json,1957
co8798281,data_5.json,1958,data_6.json,1958
co8826415,data_5.json,1959,data_6.json,1959
co8822407,data_5.json,1960,data_6.json,1960
co8882762,data_5.json,1961,data_6.json,1961
co8848103,data_5.json,1962,data_6.json,1962
co8885113,data_5.json,1963,data_6.json,1963
co8799227,data_5.json,1964,data_6.json,1964
co8828630,data_5.json,1965,data_6.json,1965
co8859799,data_5.json,1966,data_6.json,1966
co8801270,data_5.json,1967,data_6.json,1967
co8829404,data_5.json,1968,data_6.json,1968
co8829703,data_5.json,1969,data_6.json,1969
co8822421,data_5.json,1970,data_6.json,1970
co8851904,data_5.json,1971,data_6.json,1971
co8872283,data_5.json,1972,data_6.json,1972
co8847936,data_5.json,1973,data_6.json,1973
co8862443,data_5.json,1974,data_6.json,1974
co8861019,data_5.json,1975,data_6.json,1975
co8887099,data_5.json,1976,data_6.json,1976
co8850781,data_5.json,1977,data_6.json,1977
co8822711,data_5.json,1978,data_6.json,1978
co8850918,data_5.json,1979,data_6.json,1979
co8886918,data_5.json,1980,data_6.json,1980
co8885117,data_5.json,1981,data_6.json,1981
co8847340,data_5.json,1982,data_6.json,1982
co8799584,data_5.json,1983,data_6.json,1983
co8869477,data_5.json,1984,data_6.json,1984
co8860479,data_5.json,1985,data_6.json,1985
co8853149,data_5.json,1986,data_6.json,1986
co8887163,data_5.json,1987,data_6.json,1987
co8860731,data_5.json,1988,data_6.json,1988
co8825434,data_5.json,1989,data_6.json,1989
co8802812,data_5.json,1990,data_6.json,1990
co8802074,data_5.json,1991,data_6.json,1991
co8826959,data_5.json,1992,data_6.json,1992
co8883287,data_5.json,1993,data_6.json,1993
co8874976,data_5.json,1994,data_6.json,1994
co8885920,data_5.json,1995,data_6.json,1995
co8847529,data_5.json,1996,data_6.json,1996
co8822251,data_5.json,1997,data_6.json,1997
co8862620,data_5.json,1998,data_6.json,1998
co8851768,data_5.json,1999,data_6.json,1999
co8823687,data_5.json,2000,data_6.json,2000
co8833219,data_5.json,2001,data_6.json,2001
co8799206,data_5.json,2002,data_6.json,2002
co8851188,data_5.json,2003,data_6.json,2003
co8875217,data_5.json,2004,data_6.json,2004
co8827425,data_5.json,2005,data_6.json,2005
co8821602,data_5.json,2006,data_6.json,2006
co8831941,data_5.json,2007,data_6.json,2007
co8873929,data_5.json,2008,data_6.json,2008
co8873497,data_5.json,2009,data_6.json,2009
co8878685,data_5.json,2010,data_6.json,2010
co8831091,data_5.json,2011,data_6.json,2011
co8880706,data_5.json,2012,data_6.json,2012
co8869493,data_5.json,2013,data_6.json,2013
co8869535,data_5.json,2014,data_6.json,2014
co8861665,data_5.json,2015,data_6.json,2015
co8826623,data_5.json,2016,data_6.json,2016
co8799588,data_5.json,2017,data_6.json,2017
co8822692,data_5.json,2018,data_6.json,2018
co8859632,data_5.json,2019,data_6.json,2019
co8861418,data_5.json,2020,data_6.json,2020
co8878684,data_5.json,2021,data_6.json,2021
co8852401,data_5.json,2022,data_6.json,2022
co8876941,data_5.json,2023,data_6.json,2023
co8875168,data_5.json,2024,data_6.json,2024
co8879158,data_5.json,2025,data_6.json,2025
co8878731,data_5.json,2026,data_6.json,2026
co8862299,data_5.json,2027,data_6.json,2027
co8872865,data_5.json,2028,data_6.json,2028
co8877338,data_5.json,2029,data_6.json,2029
co8850984,data_5.json,2030,data_6.json,2030
co8848781,data_5.json,2031,data_6.json,2031
co8874234,data_5.json,2032,data_6.json,2032
co8861134,data_5.json,2033,data_6.json,2033
co8879157,data_5.json,2034,data_6.json,2034
co8879057,data_5.json,2035,data_6.json,2035
co8888921,data_5.json,2036,data_6.json,2036
co8874765,data_5.json,2037,data_6.json,2037
co8873952,data_5.json,2038,data_6.json,2038
co8848647,data_5.json,2039,data_6.json,2039
co8847183,data_5.json,2040,data_6.json,2040
co8880428,data_5.json,2041,data_6.json,2041
co8801454,data_5.json,2042,data_6.json,2042
co8881573,data_5.json,2043,data_6.json,2043
co8829150,data_5.json,2044,data_6.json,2044
co8880156,data_5.json,2045,data_6.json,2045
co8802566,data_5.json,2046,data_6.json,2046
co8847264,data_5.json,2047,data_6.json,2047
co8803464,data_5.json,2048,data_6.json,2048
co8886759,data_5.json,2049,data_6.json,2049
co8849455,data_5.json,2050,data_6.json,2050
co8881949,data_5.json,2051,data_6.json,2051
co8860756,data_5.json,2052,data_6.json,2052
co8847824,data_5.json,2053,data_6.json,2053
co8828434,data_5.json,2054,data_6.json,2054
co8823705,data_5.json,2055,data_6.json,2055
co8885918,data_5.json,2056,data_6.json,2056
co8831047,data_5.json,2057,data_6.json,2057
co8823953,data_5.json,2058,data_6.json,2058
co8823156,data_5.json,2059,data_6.json,2059
co8801023,data_5.json,2060,data_6.json,2060
co8824227,data_5.json,2061,data_6.json,2061
co8831990,data_5.json,2062,data_6.json,2062
co8884274,data_5.json,2063,data_6.json,2063
co8801172,data_5.json,2064,data_6.json,2064
co8831831,data_5.json,2065,data_6.json,2065
co8860797,data_5.json,2066,data_6.json,2066
co8861702,data_5.json,2067,data_6.json,2067
co8830102,data_5.json,2068,data_6.json,2068
co8823644,data_5.json,2069,data_6.json,2069
co8851378,data_5.json,2070,data_6.json,2070
co8882259,data_5.json,2071,data_6.json,2071
co8821380,data_5.json,2072,data_6.json,2072
co8846751,data_5.json,2073,data_6.json,2073
co8825452,data_5.json,2074,data_6.json,2074
co8882483,data_5.json,2075,data_6.json,2075
co8803111,data_5.json,2076,data_6.json,2076
co8886213,data_5.json,2077,data_6.json,2077
co8798143,data_5.json,2078,data_6.json,2078
co8859741,data_5.json,2079,data_6.json,2079
co8850484,data_5.json,2080,data_6.json,2080
co8803607,data_5.json,2081,data_6.json,2081
co8885271,data_5.json,2082,data_6.json,2082
co8798547,data_5.json,2083,data_6.json,2083
co8832704,data_5.json,2084,data_6.json,2084
co8796805,data_5.json,2085,data_6.json,2085
co8802729,data_5.json,2086,data_6.json,2086
co8851469,data_5.json,2087,data_6.json,2087
co8873314,data_5.json,2088,data_6.json,2088
co8800371,data_5.json,2089,data_6.json,2089
co8797847,data_5.json,2090,data_6.json,2090
co8847686,data_5.json,2091,data_6.json,2091
co8802651,data_5.json,2092,data_6.json,2092
co8875716,data_5.json,2093,data_6.json,2093
co8852144,data_5.json,2094,data_6.json,2094
co8828623,data_5.json,2095,data_6.json,2095
co8851271,data_5.json,2096,data_6.json,2096
co8801008,data_5.json,2097,data_6.json,2097
co8878070,data_5.json,2098,data_6.json,2098
co8848744,data_5.json,2099,data_6.json,2099
co8852599,data_5.json,2100,data_6.json,2100
co8831925,data_5.json,2101,data_6.json,2101
co8834381,data_5.json,2102,data_6.json,2102
co8862636,data_5.json,2103,data_6.json,2103
co8851859,data_5.json,2104,data_6.json,2104
co8824271,data_5.json,2105,data_6.json,2105
co8869570,data_5.json,2106,data_6.json,2106
co8883534,data_5.json,2107,data_6.json,2107
co8827762,data_5.json,2108,data_6.json,2108
co8824964,data_5.json,2109,data_6.json,2109
co8799586,data_5.json,2110,data_6.json,2110
co8829594,data_5.json,2111,data_6.json,2111
co8823578,data_5.json,2112,data_6.json,2112
co8829204,data_5.json,2113,data_6.json,2113
co8800212,data_5.json,2114,data_6.json,2114
co8826990,data_5.json,2115,data_6.json,2115
co8827152,data_5.json,2116,data_6.json,2116
co8825118,data_5.json,2117,data_6.json,2117
co8830777,data_5.json,2118,data_6.json,2118
co8852821,data_5.json,2119,data_6.json,2119
co8852161,data_5.json,2120,data_6.json,2120
co8872479,data_5.json,2121,data_6.json,2121
co8859886,data_5.json,2122,data_6.json,2122
co8846635,data_5.json,2123,data_6.json,2123
co8875152,data_5.json,2124,data_6.json,2124
co8874957,data_5.json,2125,data_6.json,2125
co8887776,data_5.json,2126,data_6.json,2126
co8874658,data_5.json,2127,data_6.json,2127
co8879012,data_5.json,2128,data_6.json,2128
co8887628,data_5.json,2129,data_6.json,2129
co8860643,data_5.json,2130,data_6.json,2130
co8848787,data_5.json,2131,data_6.json,2131
co8847810,data_5.json,2132,data_6.json,2132
co8852906,data_5.json,2133,data_6.json,2133
co8848211,data_5.json,2134,data_6.json,2134
co8875508,data_5.json,2135,data_6.json,2135
co8879094,data_5.json,2136,data_6.json,2136
co8876467,data_5.json,2137,data_6.json,2137
co8873343,data_5.json,2138,data_6.json,2138
co8873484,data_5.json,2139,data_6.json,2139
co8850901,data_5.json,2140,data_6.json,2140
co8873641,data_5.json,2141,data_6.json,2141
co8877072,data_5.json,2142,data_6.json,2142
co8875415,data_5.json,2143,data_6.json,2143
co8875865,data_5.json,2144,data_6.json,2144
co8878245,data_5.json,2145,data_6.json,2145
co8860276,data_5.json,2146,data_6.json,2146
co8803473,data_5.json,2147,data_6.json,2147
co8859308,data_5.json,2148,data_6.json,2148
co8824963,data_5.json,2149,data_6.json,2149
co8826584,data_5.json,2150,data_6.json,2150
co8832556,data_5.json,2151,data_6.json,2151
co8830391,data_5.json,2152,data_6.json,2152
co8882218,data_5.json,2153,data_6.json,2153
co8826557,data_5.json,2154,data_6.json,2154
co8829230,data_5.json,2155,data_6.json,2155
co8881232,data_5.json,2156,data_6.json,2156
co8885881,data_5.json,2157,data_6.json,2157
co8859441,data_5.json,2158,data_6.json,2158
co8885372,data_5.json,2159,data_6.json,2159
co8824329,data_5.json,2160,data_6.json,2160
co8799790,data_5.json,2161,data_6.json,2161
co8826118,data_5.json,2162,data_6.json,2162
co8848262,data_5.json,2163,data_6.json,2163
co8859150,data_5.json,2164,data_6.json,2164
co8851872,data_5.json,2165,data_6.json,2165
co8800156,data_5.json,2166,data_6.json,2166
co8827824,data_5.json,2167,data_6.json,2167
co8798076,data_5.json,2168,data_6.json,2168
co8834298,data_5.json,2169,data_6.json,2169
co8876655,data_5.json,2170,data_6.json,2170
co8887702,data_5.json,2171,data_6.json,2171
co8862172,data_5.json,2172,data_6.json,2172
co8803234,data_5.json,2173,data_6.json,2173
co8832066,data_5.json,2174,data_6.json,2174
co8827926,data_5.json,2175,data_6.json,2175
co8851810,data_5.json,2176,data_6.json,2176
co8869411,data_5.json,2177,data_6.json,2177
co8859001,data_5.json,2178,data_6.json,2178
co8881340,data_5.json,2179,data_6.json,2179
co8826927,data_5.json,2180,data_6.json,2180
co8860313,data_5.json,2181,data_6.json,2181
co8886569,data_5.json,2182,data_6.json,2182
co8830432,data_5.json,2183,data_6.json,2183
co8851361,data_5.json,2184,data_6.json,2184
co8885462,data_5.json,2185,data_6.json,2185
co8878557,data_5.json,2186,data_6.json,2186
co8885553,data_5.json,2187,data_6.json,2187
co8872258,data_5.json,2188,data_6.json,2188
co8853489,data_5.json,2189,data_6.json,2189
co8886444,data_5.json,2190,data_6.json,2190
co8887626,data_5.json,2191,data_6.json,2191
co8880719,data_5.json,2192,data_6.json,2192
co8860910,data_5.json,2193,data_6.json,2193
co8861733,data_5.json,2194,data_6.json,2194
co8876596,data_5.json,2195,data_6.json,2195
co8822626,data_5.json,2196,data_6.json,2196
co8803755,data_5.json,2197,data_6.json,2197
co8875866,data_5.json,2198,data_6.json,2198
co8869513,data_5.json,2199,data_6.json,2199
co8823327,data_5.json,2200,data_6.json,2200
co8826627,data_5.json,2201,data_6.json,2201
co8821445,data_5.json,2202,data_6.json,2202
co8823281,data_5.json,2203,data_6.json,2203
co8823059,data_5.json,2204,data_6.json,2204
co8829900,data_5.json,2205,data_6.json,2205
co8824317,data_5.json,2206,data_6.json,2206
co8875010,data_5.json,2207,data_6.json,2207
co8861884,data_5.json,2208,data_6.json,2208
co8875913,data_5.json,2209,data_6.json,2209
co8884058,data_5.json,2210,data_6.json,2210
co8875573,data_5.json,2211,data_6.json,2211
co8877675,data_5.json,2212,data_6.json,2212
co8874719,data_5.json,2213,data_6.json,2213
co8886873,data_5.json,2214,data_6.json,2214
co8876889,data_5.json,2215,data_6.json,2215
co8872766,data_5.json,2216,data_6.json,2216
co8885261,data_5.json,2217,data_6.json,2217
co8880461,data_5.json,2218,data_6.json,2218
co8859964,data_5.json,2219,data_6.json,2219
co8862341,data_5.json,2220,data_6.json,2220
co8873702,data_5.json,2221,data_6.json,2221
co8873523,data_5.json,2222,data_6.json,2222
co8878599,data_5.json,2223,data_6.json,2223
co8872985,data_5.json,2224,data_6.json,2224
co8861433,data_5.json,2225,data_6.json,2225
co8880745,data_5.json,2226,data_6.json,2226
co8852243,data_5.json,2227,data_6.json,2227
co8879248,data_5.json,2228,data_6.json,2228
co8862231,data_5.json,2229,data_6.json,2229
co8862526,data_5.json,2230,data_6.json,2230
co8878207,data_5.json,2231,data_6.json,2231
co8828779,data_5.json,2232,data_6.json,2232
co8801874,data_5.json,2233,data_6.json,2233
co8885077,data_5.json,2234,data_6.json,2234
co8829611,data_5.json,2235,data_6.json,2235
co8861635,data_5.json,2236,data_6.json,2236
co8888274,data_5.json,2237,data_6.json,2237
co8850342,data_5.json,2238,data_6.json,2238
co8850415,data_5.json,2239,data_6.json,2239
co8798883,data_5.json,2240,data_6.json,2240
co8881128,data_5.json,2241,data_6.json,2241
co8802404,data_5.json,2242,data_6.json,2242
co8861649,data_5.json,2243,data_6.json,2243
co8801476,data_5.json,2244,data_6.json,2244
co8848357,data_5.json,2245,data_6.json,2245
co8797759,data_5.json,2246,data_6.json,2246
co8848096,data_5.json,2247,data_6.json,2247
co8826261,data_5.json,2248,data_6.json,2248
co8879980,data_5.json,2249,data_6.json,2249
co8882680,data_5.json,2250,data_6.json,2250
co8825399,data_5.json,2251,data_6.json,2251
co8803814,data_5.json,2252,data_6.json,2252
co8872191,data_5.json,2253,data_6.json,2253
co8824068,data_5.json,2254,data_6.json,2254
co8829184,data_5.json,2255,data_6.json,2255
co8803714,data_5.json,2256,data_6.json,2256
co8885640,data_5.json,2257,data_6.json,2257
co8828001,data_5.json,2258,data_6.json,2258
co8822781,data_5.json,2259,data_6.json,2259
co8802380,data_5.json,2260,data_6.json,2260
co8886663,data_5.json,2261,data_6.json,2261
co8850493,data_5.json,2262,data_6.json,2262
co8849471,data_5.json,2263,data_6.json,2263
co8823718,data_5.json,2264,data_6.json,2264
co8877427,data_5.json,2265,data_6.json,2265
co8850587,data_5.json,2266,data_6.json,2266
co8859053,data_5.json,2267,data_6.json,2267
co8850520,data_5.json,2268,data_6.json,2268
co8822369,data_5.json,2269,data_6.json,2269
co8875021,data_5.json,2270,data_6.json,2270
co8887711,data_5.json,2271,data_6.json,2271
co8884527,data_5.json,2272,data_6.json,2272
co8826814,data_5.json,2273,data_6.json,2273
co8886167,data_5.json,2274,data_6.json,2274
co8885632,data_5.json,2275,data_6.json,2275
co8873032,data_5.json,2276,data_6.json,2276
co8852565,data_5.json,2277,data_6.json,2277
co8852797,data_5.json,2278,data_6.json,2278
co8824932,data_5.json,2279,data_6.json,2279
co8830722,data_5.json,2280,data_6.json,2280
co8797268,data_5.json,2281,data_6.json,2281
co8830179,data_5.json,2282,data_6.json,2282
co8832324,data_5.json,2283,data_6.json,2283
co8830240,data_5.json,2284,data_6.json,2284
co8826324,data_5.json,2285,data_6.json,2285
co8797239,data_5.json,2286,data_6.json,2286
co8829824,data_5.json,2287,data_6.json,2287
co8861240,data_5.json,2288,data_6.json,2288
co8878765,data_5.json,2289,data_6.json,2289
co8875388,data_5.json,2290,data_6.json,2290
co8873636,data_5.json,2291,data_6.json,2291
co8888297,data_5.json,2292,data_6.json,2292
co8880592,data_5.json,2293,data_6.json,2293
co8862610,data_5.json,2294,data_6.json,2294
co8876191,data_5.json,2295,data_6.json,2295
co8852590,data_5.json,2296,data_6.json,2296
co8848952,data_5.json,2297,data_6.json,2297
co8873727,data_5.json,2298,data_6.json,2298
co8872817,data_5.json,2299,data_6.json,2299
co8872621,data_5.json,2300,data_6.json,2300
co8859853,data_5.json,2301,data_6.json,2301
co8874399,data_5.json,2302,data_6.json,2302
co8846821,data_5.json,2303,data_6.json,2303
co8878911,data_5.json,2304,data_6.json,2304
co8874283,data_5.json,2305,data_6.json,2305
co8860587,data_5.json,2306,data_6.json,2306
co8873041,data_5.json,2307,data_6.json,2307
co8860918,data_5.json,2308,data_6.json,2308
co8802741,data_5.json,2309,data_6.json,2309
co8831023,data_5.json,2310,data_6.json,2310
co8826299,data_5.json,2311,data_6.json,2311
co8826124,data_5.json,2312,data_6.json,2312
co8848381,data_5.json,2313,data_6.json,2313
co8850270,data_5.json,2314,data_6.json,2314
co8861538,data_5.json,2315,data_6.json,2315
co8799603,data_5.json,2316,data_6.json,2316
co8822694,data_5.json,2317,data_6.json,2317
co8821693,data_5.json,2318,data_6.json,2318
co8802350,data_5.json,2319,data_6.json,2319
co8880666,data_5.json,2320,data_6.json,2320
co8872360,data_5.json,2321,data_6.json,2321
co8849465,data_5.json,2322,data_6.json,2322
co8822129,data_5.json,2323,data_6.json,2323
co8802499,data_5.json,2324,data_6.json,2324
co8821816,data_5.json,2325,data_6.json,2325
co8886241,data_5.json,2326,data_6.json,2326
co8833813,data_5.json,2327,data_6.json,2327
co8858955,data_5.json,2328,data_6.json,2328
co8882255,data_5.json,2329,data_6.json,2329
co8824780,data_5.json,2330,data_6.json,2330
co8859206,data_5.json,2331,data_6.json,2331
co8823134,data_5.json,2332,data_6.json,2332
co8823211,data_5.json,2333,data_6.json,2333
co8884611,data_5.json,2334,data_6.json,2334
co8883611,data_5.json,2335,data_6.json,2335
co8848941,data_5.json,2336,data_6.json,2336
co8878302,data_5.json,2337,data_6.json,2337
co8828461,data_5.json,2338,data_6.json,2338
co8850434,data_5.json,2339,data_6.json,2339
co8874148,data_5.json,2340,data_6.json,2340
co8885204,data_5.json,2341,data_6.json,2341
co8876868,data_5.json,2342,data_6.json,2342
co8875209,data_5.json,2343,data_6.json,2343
co8825753,data_5.json,2344,data_6.json,2344
co8853120,data_5.json,2345,data_6.json,2345
co8878619,data_5.json,2346,data_6.json,2346
co8883083,data_5.json,2347,data_6.json,2347
co8861661,data_5.json,2348,data_6.json,2348
co8888465,data_5.json,2349,data_6.json,2349
co8823847,data_5.json,2350,data_6.json,2350
co8801832,data_5.json,2351,data_6.json,2351
co8824647,data_5.json,2352,data_6.json,2352
co8828338,data_5.json,2353,data_6.json,2353
co8830081,data_5.json,2354,data_6.json,2354
co8832053,data_5.json,2355,data_6.json,2355
co8829282,data_5.json,2356,data_6.json,2356
co8830176,data_5.json,2357,data_6.json,2357
co8885693,data_5.json,2358,data_6.json,2358
co8878642,data_5.json,2359,data_6.json,2359
co8875236,data_5.json,2360,data_6.json,2360
co8834917,data_5.json,2361,data_6.json,2361
co8861896,data_5.json,2362,data_6.json,2362
co8852485,data_5.json,2363,data_6.json,2363
co8879849,data_5.json,2364,data_6.json,2364
co8852532,data_5.json,2365,data_6.json,2365
co8878017,data_5.json,2366,data_6.json,2366
co8876274,data_5.json,2367,data_6.json,2367
co8862338,data_5.json,2368,data_6.json,2368
co8862621,data_5.json,2369,data_6.json,2369
co8877267,data_5.json,2370,data_6.json,2370
co8853068,data_5.json,2371,data_6.json,2371
co8862174,data_5.json,2372,data_6.json,2372
co8886475,data_5.json,2373,data_6.json,2373
co8848925,data_5.json,2374,data_6.json,2374
co8875472,data_5.json,2375,data_6.json,2375
co8877030,data_5.json,2376,data_6.json,2376
co8873505,data_5.json,2377,data_6.json,2377
co8872874,data_5.json,2378,data_6.json,2378
co8862319,data_5.json,2379,data_6.json,2379
co8876239,data_5.json,2380,data_6.json,2380
co8859597,data_5.json,2381,data_6.json,2381
co8859644,data_5.json,2382,data_6.json,2382
co8877975,data_5.json,2383,data_6.json,2383
co8877845,data_5.json,2384,data_6.json,2384
co8878961,data_5.json,2385,data_6.json,2385
co8879544,data_5.json,2386,data_6.json,2386
co8851520,data_5.json,2387,data_6.json,2387
co8872597,data_5.json,2388,data_6.json,2388
co8876688,data_5.json,2389,data_6.json,2389
co8846621,data_5.json,2390,data_6.json,2390
co8874953,data_5.json,2391,data_6.json,2391
co8859499,data_5.json,2392,data_6.json,2392
co8850717,data_5.json,2393,data_6.json,2393
co8822093,data_5.json,2394,data_6.json,2394
co8851853,data_5.json,2395,data_6.json,2395
co8849276,data_5.json,2396,data_6.json,2396
co8798370,data_5.json,2397,data_6.json,2397
co8846947,data_5.json,2398,data_6.json,2398
co8881409,data_5.json,2399,data_6.json,2399
co8822801,data_5.json,2400,data_6.json,2400
co8828551,data_5.json,2401,data_6.json,2401
co8853422,data_5.json,2402,data_6.json,2402
co8803745,data_5.json,2403,data_6.json,2403
co8822420,data_5.json,2404,data_6.json,2404
co8832633,data_5.json,2405,data_6.json,2405
co8804247,data_5.json,2406,data_6.json,2406
co8847157,data_5.json,2407,data_6.json,2407
co8877829,data_5.json,2408,data_6.json,2408
co8834272,data_5.json,2409,data_6.json,2409
co8860350,data_5.json,2410,data_6.json,2410
co8850085,data_5.json,2411,data_6.json,2411
co8884136,data_5.json,2412,data_6.json,2412
co8827547,data_5.json,2413,data_6.json,2413
co8848387,data_5.json,2414,data_6.json,2414
co8821806,data_5.json,2415,data_6.json,2415
co8797815,data_5.json,2416,data_6.json,2416
co8887773,data_5.json,2417,data_6.json,2417
co8869299,data_5.json,2418,data_6.json,2418
co8797792,data_5.json,2419,data_6.json,2419
co8824538,data_5.json,2420,data_6.json,2420
co8822500,data_5.json,2421,data_6.json,2421
co8848705,data_5.json,2422,data_6.json,2422
co8869407,data_5.json,2423,data_6.json,2423
co8877014,data_5.json,2424,data_6.json,2424
co8802046,data_5.json,2425,data_6.json,2425
co8859165,data_5.json,2426,data_6.json,2426
co8821360,data_5.json,2427,data_6.json,2427
co8861983,data_5.json,2428,data_6.json,2428
co8875546,data_5.json,2429,data_6.json,2429
co8848943,data_5.json,2430,data_6.json,2430
co8822344,data_5.json,2431,data_6.json,2431
co8872262,data_5.json,2432,data_6.json,2432
co8869707,data_5.json,2433,data_6.json,2433
co8888421,data_5.json,2434,data_6.json,2434
co8824767,data_5.json,2435,data_6.json,2435
co8829482,data_5.json,2436,data_6.json,2436
co8799216,data_5.json,2437,data_6.json,2437
co8829074,data_5.json,2438,data_6.json,2438
co8827552,data_5.json,2439,data_6.json,2439
co8829042,data_5.json,2440,data_6.json,2440
co8797507,data_5.json,2441,data_6.json,2441
co8825874,data_5.json,2442,data_6.json,2442
co8825661,data_5.json,2443,data_6.json,2443
co8830678,data_5.json,2444,data_6.json,2444
co8822086,data_5.json,2445,data_6.json,2445
co8825694,data_5.json,2446,data_6.json,2446
co8878824,data_5.json,2447,data_6.json,2447
co8877532,data_5.json,2448,data_6.json,2448
co8879031,data_5.json,2449,data_6.json,2449
co8848645,data_5.json,2450,data_6.json,2450
co8848727,data_5.json,2451,data_6.json,2451
co8849102,data_5.json,2452,data_6.json,2452
co8852885,data_5.json,2453,data_6.json,2453
co8860262,data_5.json,2454,data_6.json,2454
co8877742,data_5.json,2455,data_6.json,2455
co8875690,data_5.json,2456,data_6.json,2456
co8883907,data_5.json,2457,data_6.json,2457
co8873923,data_5.json,2458,data_6.json,2458
co8853114,data_5.json,2459,data_6.json,2459
co8876869,data_5.json,2460,data_6.json,2460
co8878141,data_5.json,2461,data_6.json,2461
co8885816,data_5.json,2462,data_6.json,2462
co8887665,data_5.json,2463,data_6.json,2463
co8881200,data_5.json,2464,data_6.json,2464
co8861403,data_5.json,2465,data_6.json,2465
co8874461,data_5.json,2466,data_6.json,2466
co8851401,data_5.json,2467,data_6.json,2467
co8860493,data_5.json,2468,data_6.json,2468
co8880290,data_5.json,2469,data_6.json,2469
co8872593,data_5.json,2470,data_6.json,2470
co8861136,data_5.json,2471,data_6.json,2471
co8879110,data_5.json,2472,data_6.json,2472
co8874503,data_5.json,2473,data_6.json,2473
co8883596,data_5.json,2474,data_6.json,2474
co8885464,data_5.json,2475,data_6.json,2475
co8880435,data_5.json,2476,data_6.json,2476
co8821942,data_5.json,2477,data_6.json,2477
co8825875,data_5.json,2478,data_6.json,2478
co8850540,data_5.json,2479,data_6.json,2479
co8849362,data_5.json,2480,data_6.json,2480
co8824201,data_5.json,2481,data_6.json,2481
co8804111,data_5.json,2482,data_6.json,2482
co8886413,data_5.json,2483,data_6.json,2483
co8830093,data_5.json,2484,data_6.json,2484
co8834471,data_5.json,2485,data_6.json,2485
co8847532,data_5.json,2486,data_6.json,2486
co8886901,data_5.json,2487,data_6.json,2487
co8801917,data_5.json,2488,data_6.json,2488
co8799734,data_5.json,2489,data_6.json,2489
co8851606,data_5.json,2490,data_6.json,2490
co8850730,data_5.json,2491,data_6.json,2491
co8834281,data_5.json,2492,data_6.json,2492
co8828290,data_5.json,2493,data_6.json,2493
co8852065,data_5.json,2494,data_6.json,2494
co8851329,data_5.json,2495,data_6.json,2495
co8834914,data_5.json,2496,data_6.json,2496
co8834297,data_5.json,2497,data_6.json,2497
co8859344,data_5.json,2498,data_6.json,2498
co8821639,data_5.json,2499,data_6.json,2499
co8833596,data_5.json,2500,data_6.json,2500
co8831908,data_5.json,2501,data_6.json,2501
co8804755,data_5.json,2502,data_6.json,2502
co8798217,data_5.json,2503,data_6.json,2503
co8829225,data_5.json,2504,data_6.json,2504
co8822807,data_5.json,2505,data_6.json,2505
co8876699,data_5.json,2506,data_6.json,2506
co8846838,data_5.json,2507,data_6.json,2507
co8833863,data_5.json,2508,data_6.json,2508
co8883833,data_5.json,2509,data_6.json,2509
co8825402,data_5.json,2510,data_6.json,2510
co8858956,data_5.json,2511,data_6.json,2511
co8884325,data_5.json,2512,data_6.json,2512
co8849121,data_5.json,2513,data_6.json,2513
co8797303,data_5.json,2514,data_6.json,2514
co8824132,data_5.json,2515,data_6.json,2515
co8848841,data_5.json,2516,data_6.json,2516
co8851989,data_5.json,2517,data_6.json,2517
co8859038,data_5.json,2518,data_6.json,2518
co8883201,data_5.json,2519,data_6.json,2519
co8798454,data_5.json,2520,data_6.json,2520
co8884807,data_5.json,2521,data_6.json,2521
co8822364,data_5.json,2522,data_6.json,2522
co8860710,data_5.json,2523,data_6.json,2523
co8824811,data_5.json,2524,data_6.json,2524
co8878048,data_5.json,2525,data_6.json,2525
co8823753,data_5.json,2526,data_6.json,2526
co8850916,data_5.json,2527,data_6.json,2527
co8877273,data_5.json,2528,data_6.json,2528
co8874528,data_5.json,2529,data_6.json,2529
co8852452,data_5.json,2530,data_6.json,2530
co8803730,data_5.json,2531,data_6.json,2531
co8802895,data_5.json,2532,data_6.json,2532
co8826736,data_5.json,2533,data_6.json,2533
co8822360,data_5.json,2534,data_6.json,2534
co8847624,data_5.json,2535,data_6.json,2535
co8873780,data_5.json,2536,data_6.json,2536
co8878244,data_5.json,2537,data_6.json,2537
co8883602,data_5.json,2538,data_6.json,2538
co8851713,data_5.json,2539,data_6.json,2539
co8827693,data_5.json,2540,data_6.json,2540
co8829029,data_5.json,2541,data_6.json,2541
co8829670,data_5.json,2542,data_6.json,2542
co8797516,data_5.json,2543,data_6.json,2543
co8800810,data_5.json,2544,data_6.json,2544
co8797256,data_5.json,2545,data_6.json,2545
co8825058,data_5.json,2546,data_6.json,2546
co8797438,data_5.json,2547,data_6.json,2547
co8850295,data_5.json,2548,data_6.json,2548
co8852714,data_5.json,2549,data_6.json,2549
co8849062,data_5.json,2550,data_6.json,2550
co8874832,data_5.json,2551,data_6.json,2551
co8884943,data_5.json,2552,data_6.json,2552
co8876084,data_5.json,2553,data_6.json,2553
co8877300,data_5.json,2554,data_6.json,2554
co8878847,data_5.json,2555,data_6.json,2555
co8875179,data_5.json,2556,data_6.json,2556
co8852843,data_5.json,2557,data_6.json,2557
co8880462,data_5.json,2558,data_6.json,2558
co8852483,data_5.json,2559,data_6.json,2559
co8878757,data_5.json,2560,data_6.json,2560
co8859596,data_5.json,2561,data_6.json,2561
co8873895,data_5.json,2562,data_6.json,2562
co8877578,data_5.json,2563,data_6.json,2563
co8852367,data_5.json,2564,data_6.json,2564
co8886691,data_5.json,2565,data_6.json,2565
co8852959,data_5.json,2566,data_6.json,2566
co8879499,data_5.json,2567,data_6.json,2567
co8848216,data_5.json,2568,data_6.json,2568
co8861258,data_5.json,2569,data_6.json,2569
co8861429,data_5.json,2570,data_6.json,2570
co8849677,data_5.json,2571,data_6.json,2571
co8878344,data_5.json,2572,data_6.json,2572
co8877090,data_5.json,2573,data_6.json,2573
co8862577,data_5.json,2574,data_6.json,2574
co8876136,data_5.json,2575,data_6.json,2575
co8878945,data_5.json,2576,data_6.json,2576
co8848766,data_5.json,2577,data_6.json,2577
co8878729,data_5.json,2578,data_6.json,2578
co8858867,data_5.json,2579,data_6.json,2579
co8859255,data_5.json,2580,data_6.json,2580
co8825280,data_5.json,2581,data_6.json,2581
co8880011,data_5.json,2582,data_6.json,2582
co8801182,data_5.json,2583,data_6.json,2583
co8801553,data_5.json,2584,data_6.json,2584
co8851956,data_5.json,2585,data_6.json,2585
co8800269,data_5.json,2586,data_6.json,2586
co8847381,data_5.json,2587,data_6.json,2587
co8803159,data_5.json,2588,data_6.json,2588
co8800063,data_5.json,2589,data_6.json,2589
co8850569,data_5.json,2590,data_6.json,2590
co8851509,data_5.json,2591,data_6.json,2591
co8847895,data_5.json,2592,data_6.json,2592
co8847822,data_5.json,2593,data_6.json,2593
co8797983,data_5.json,2594,data_6.json,2594
co8884392,data_5.json,2595,data_6.json,2595
co8853256,data_5.json,2596,data_6.json,2596
co8804806,data_5.json,2597,data_6.json,2597
co8859257,data_5.json,2598,data_6.json,2598
co8850619,data_5.json,2599,data_6.json,2599
co8828075,data_5.json,2600,data_6.json,2600
co8886639,data_5.json,2601,data_6.json,2601
co8831433,data_5.json,2602,data_6.json,2602
co8860343,data_5.json,2603,data_6.json,2603
co8885425,data_5.json,2604,data_6.json,2604
co8850238,data_5.json,2605,data_6.json,2605
co8830231,data_5.json,2606,data_6.json,2606
co8796666,data_5.json,2607,data_6.json,2607
co8885797,data_5.json,2608,data_6.json,2608
co8796914,data_5.json,2609,data_6.json,2609
co8803606,data_5.json,2610,data_6.json,2610
co8886431,data_5.json,2611,data_6.json,2611
co8888291,data_5.json,2612,data_6.json,2612
co8851176,data_5.json,2613,data_6.json,2613
co8887357,data_5.json,2614,data_6.json,2614
co8852092,data_5.json,2615,data_6.json,2615
co8875141,data_5.json,2616,data_6.json,2616
co8852762,data_5.json,2617,data_6.json,2617
co8850144,data_5.json,2618,data_6.json,2618
co8859461,data_5.json,2619,data_6.json,2619
co8797854,data_5.json,2620,data_6.json,2620
co8874173,data_5.json,2621,data_6.json,2621
co8824807,data_5.json,2622,data_6.json,2622
co8875437,data_5.json,2623,data_6.json,2623
co8822362,data_5.json,2624,data_6.json,2624
co8877813,data_5.json,2625,data_6.json,2625
co8848899,data_5.json,2626,data_6.json,2626
co8879953,data_5.json,2627,data_6.json,2627
co8803746,data_5.json,2628,data_6.json,2628
co8861677,data_5.json,2629,data_6.json,2629
co8888552,data_5.json,2630,data_6.json,2630
co8824340,data_5.json,2631,data_6.json,2631
co8800207,data_5.json,2632,data_6.json,2632
co8822536,data_5.json,2633,data_6.json,2633
co8827570,data_5.json,2634,data_6.json,2634
co8827731,data_5.json,2635,data_6.json,2635
co8879258,data_5.json,2636,data_6.json,2636
co8877927,data_5.json,2637,data_6.json,2637
co8848157,data_5.json,2638,data_6.json,2638
co8885037,data_5.json,2639,data_6.json,2639
co8877306,data_5.json,2640,data_6.json,2640
co8881171,data_5.json,2641,data_6.json,2641
co8886446,data_5.json,2642,data_6.json,2642
co8875245,data_5.json,2643,data_6.json,2643
co8859857,data_5.json,2644,data_6.json,2644
co8886278,data_5.json,2645,data_6.json,2645
co8876502,data_5.json,2646,data_6.json,2646
co8852530,data_5.json,2647,data_6.json,2647
co8876706,data_5.json,2648,data_6.json,2648
co8881722,data_5.json,2649,data_6.json,2649
co8880509,data_5.json,2650,data_6.json,2650
co8874983,data_5.json,2651,data_6.json,2651
co8873725,data_5.json,2652,data_6.json,2652
co8882528,data_5.json,2653,data_6.json,2653
co8876245,data_5.json,2654,data_6.json,2654
co8869964,data_5.json,2655,data_6.json,2655
co8862490,data_5.json,2656,data_6.json,2656
co8873659,data_5.json,2657,data_6.json,2657
co8874233,data_5.json,2658,data_6.json,2658
co8874426,data_5.json,2659,data_6.json,2659
co8872560,data_5.json,2660,data_6.json,2660
co8860183,data_5.json,2661,data_6.json,2661
co8869634,data_5.json,2662,data_6.json,2662
co8798098,data_5.json,2663,data_6.json,2663
co8804135,data_5.json,2664,data_6.json,2664
co8827385,data_5.json,2665,data_6.json,2665
co8850084,data_5.json,2666,data_6.json,2666
co8850058,data_5.json,2667,data_6.json,2667
co8828905,data_5.json,2668,data_6.json,2668
co8800956,data_5.json,2669,data_6.json,2669
co8859290,data_5.json,2670,data_6.json,2670
co8887231,data_5.json,2671,data_6.json,2671
co8849492,data_5.json,2672,data_6.json,2672
co8860397,data_5.json,2673,data_6.json,2673
co8882108,data_5.json,2674,data_6.json,2674
co8881725,data_5.json,2675,data_6.json,2675
co8827164,data_5.json,2676,data_6.json,2676
co8872128,data_5.json,2677,data_6.json,2677
co8831161,data_5.json,2678,data_6.json,2678
co8885871,data_5.json,2679,data_6.json,2679
co8847792,data_5.json,2680,data_6.json,2680
co8821415,data_5.json,2681,data_6.json,2681
co8882123,data_5.json,2682,data_6.json,2682
co8834200,data_5.json,2683,data_6.json,2683
co8886928,data_5.json,2684,data_6.json,2684
co8821811,data_5.json,2685,data_6.json,2685
co8887127,data_5.json,2686,data_6.json,2686
co8858899,data_5.json,2687,data_6.json,2687
co8846853,data_5.json,2688,data_6.json,2688
co8831303,data_5.json,2689,data_6.json,2689
co8860291,data_5.json,2690,data_6.json,2690
co8884644,data_5.json,2691,data_6.json,2691
co8804010,data_5.json,2692,data_6.json,2692
co8799485,data_5.json,2693,data_6.json,2693
co8846752,data_5.json,2694,data_6.json,2694
co8860472,data_5.json,2695,data_6.json,2695
co8887067,data_5.json,2696,data_6.json,2696
co8885214,data_5.json,2697,data_6.json,2697
co8880883,data_5.json,2698,data_6.json,2698
co8804091,data_5.json,2699,data_6.json,2699
co8880544,data_5.json,2700,data_6.json,2700
co8803657,data_5.json,2701,data_6.json,2701
co8849213,data_5.json,2702,data_6.json,2702
co8858958,data_5.json,2703,data_6.json,2703
co8873441,data_5.json,2704,data_6.json,2704
co8850271,data_5.json,2705,data_6.json,2705
co8849009,data_5.json,2706,data_6.json,2706
co8850088,data_5.json,2707,data_6.json,2707
co8803141,data_5.json,2708,data_6.json,2708
co8804126,data_5.json,2709,data_6.json,2709
co8834457,data_5.json,2710,data_6.json,2710
co8799187,data_5.json,2711,data_6.json,2711
co8829401,data_5.json,2712,data_6.json,2712
co8829588,data_5.json,2713,data_6.json,2713
co8829065,data_5.json,2714,data_6.json,2714
co8797437,data_5.json,2715,data_6.json,2715
co8828573,data_5.json,2716,data_6.json,2716
co8797340,data_5.json,2717,data_6.json,2717
co8830900,data_5.json,2718,data_6.json,2718
co8800509,data_5.json,2719,data_6.json,2719
co8874414,data_5.json,2720,data_6.json,2720
co8875344,data_5.json,2721,data_6.json,2721
co8879859,data_5.json,2722,data_6.json,2722
co8873333,data_5.json,2723,data_6.json,2723
co8878157,data_5.json,2724,data_6.json,2724
co8877018,data_5.json,2725,data_6.json,2725
co8878794,data_5.json,2726,data_6.json,2726
co8888897,data_5.json,2727,data_6.json,2727
co8860445,data_5.json,2728,data_6.json,2728
co8851395,data_5.json,2729,data_6.json,2729
co8873550,data_5.json,2730,data_6.json,2730
co8875948,data_5.json,2731,data_6.json,2731
co8877321,data_5.json,2732,data_6.json,2732
co8876588,data_5.json,2733,data_6.json,2733
co8876809,data_5.json,2734,data_6.json,2734
co8852113,data_5.json,2735,data_6.json,2735
co8879873,data_5.json,2736,data_6.json,2736
co8847708,data_5.json,2737,data_6.json,2737
co8852226,data_5.json,2738,data_6.json,2738
co8862657,data_5.json,2739,data_6.json,2739
co8877002,data_5.json,2740,data_6.json,2740
co8877348,data_5.json,2741,data_6.json,2741
co8860293,data_5.json,2742,data_6.json,2742
co8801936,data_5.json,2743,data_6.json,2743
co8885064,data_5.json,2744,data_6.json,2744
co8822604,data_5.json,2745,data_6.json,2745
co8860367,data_5.json,2746,data_6.json,2746
co8824800,data_5.json,2747,data_6.json,2747
co8850136,data_5.json,2748,data_6.json,2748
co8886788,data_5.json,2749,data_6.json,2749
co8803608,data_5.json,2750,data_6.json,2750
co8821621,data_5.json,2751,data_6.json,2751
co8887219,data_5.json,2752,data_6.json,2752
co8798678,data_5.json,2753,data_6.json,2753
co8802130,data_5.json,2754,data_6.json,2754
co8861790,data_5.json,2755,data_6.json,2755
co8860795,data_5.json,2756,data_6.json,2756
co8831876,data_5.json,2757,data_6.json,2757
co8849227,data_5.json,2758,data_6.json,2758
co8885667,data_5.json,2759,data_6.json,2759
co8884095,data_5.json,2760,data_6.json,2760
co8869281,data_5.json,2761,data_6.json,2761
co8826507,data_5.json,2762,data_6.json,2762
co8834375,data_5.json,2763,data_6.json,2763
co8824022,data_5.json,2764,data_6.json,2764
co8831701,data_5.json,2765,data_6.json,2765
co8850513,data_5.json,2766,data_6.json,2766
co8797616,data_5.json,2767,data_6.json,2767
co8822648,data_5.json,2768,data_6.json,2768
co8850196,data_5.json,2769,data_6.json,2769
co8832621,data_5.json,2770,data_6.json,2770
co8826579,data_5.json,2771,data_6.json,2771
co8861623,data_5.json,2772,data_6.json,2772
co8801869,data_5.json,2773,data_6.json,2773
co8821356,data_5.json,2774,data_6.json,2774
co8822563,data_5.json,2775,data_6.json,2775
co8822196,data_5.json,2776,data_6.json,2776
co8797868,data_5.json,2777,data_6.json,2777
co8850532,data_5.json,2778,data_6.json,2778
co8861475,data_5.json,2779,data_6.json,2779
co8846801,data_5.json,2780,data_6.json,2780
co8850153,data_5.json,2781,data_6.json,2781
co8823508,data_5.json,2782,data_6.json,2782
co8860754,data_5.json,2783,data_6.json,2783
co8803448,data_5.json,2784,data_6.json,2784
co8887050,data_5.json,2785,data_6.json,2785
co8827830,data_5.json,2786,data_6.json,2786
co8862678,data_5.json,2787,data_6.json,2787
co8878850,data_5.json,2788,data_6.json,2788
co8832658,data_5.json,2789,data_6.json,2789
co8876929,data_5.json,2790,data_6.json,2790
co8850801,data_5.json,2791,data_6.json,2791
co8849489,data_5.json,2792,data_6.json,2792
co8802406,data_5.json,2793,data_6.json,2793
co8831849,data_5.json,2794,data_6.json,2794
co8831112,data_5.json,2795,data_6.json,2795
co8860380,data_5.json,2796,data_6.json,2796
co8860217,data_5.json,2797,data_6.json,2797
co8887366,data_5.json,2798,data_6.json,2798
co8830215,data_5.json,2799,data_6.json,2799
co8826932,data_5.json,2800,data_6.json,2800
co8828291,data_5.json,2801,data_6.json,2801
co8830568,data_5.json,2802,data_6.json,2802
co8849198,data_5.json,2803,data_6.json,2803
co8872665,data_5.json,2804,data_6.json,2804
co8859549,data_5.json,2805,data_6.json,2805
co8853136,data_5.json,2806,data_6.json,2806
co8852595,data_5.json,2807,data_6.json,2807
co8879025,data_5.json,2808,data_6.json,2808
co8859983,data_5.json,2809,data_6.json,2809
co8877352,data_5.json,2810,data_6.json,2810
co8875812,data_5.json,2811,data_6.json,2811
co8872899,data_5.json,2812,data_6.json,2812
co8877849,data_5.json,2813,data_6.json,2813
co8885697,data_5.json,2814,data_6.json,2814
co8879514,data_5.json,2815,data_6.json,2815
co8884113,data_5.json,2816,data_6.json,2816
co8881842,data_5.json,2817,data_6.json,2817
co8874971,data_5.json,2818,data_6.json,2818
co8851217,data_5.json,2819,data_6.json,2819
co8876734,data_5.json,2820,data_6.json,2820
co8848602,data_5.json,2821,data_6.json,2821
co8879309,data_5.json,2822,data_6.json,2822
co8875377,data_5.json,2823,data_6.json,2823
co8849168,data_5.json,2824,data_6.json,2824
co8847148,data_5.json,2825,data_6.json,2825
co8859996,data_5.json,2826,data_6.json,2826
co8879304,data_5.json,2827,data_6.json,2827
co8876674,data_5.json,2828,data_6.json,2828
co8874505,data_5.json,2829,data_6.json,2829
co8876046,data_5.json,2830,data_6.json,2830
co8884463,data_5.json,2831,data_6.json,2831
co8861685,data_5.json,2832,data_6.json,2832
co8799520,data_5.json,2833,data_6.json,2833
co8859463,data_5.json,2834,data_6.json,2834
co8849226,data_5.json,2835,data_6.json,2835
co8846714,data_5.json,2836,data_6.json,2836
co8833869,data_5.json,2837,data_6.json,2837
co8861704,data_5.json,2838,data_6.json,2838
co8883125,data_5.json,2839,data_6.json,2839
co8887227,data_5.json,2840,data_6.json,2840
co8861798,data_5.json,2841,data_6.json,2841
co8800374,data_5.json,2842,data_6.json,2842
co8850694,data_5.json,2843,data_6.json,2843
co8850509,data_5.json,2844,data_6.json,2844
co8872154,data_5.json,2845,data_6.json,2845
co8849644,data_5.json,2846,data_6.json,2846
co8849521,data_5.json,2847,data_6.json,2847
co8883568,data_5.json,2848,data_6.json,2848
co8827291,data_5.json,2849,data_6.json,2849
co8798731,data_5.json,2850,data_6.json,2850
co8886137,data_5.json,2851,data_6.json,2851
co8801610,data_5.json,2852,data_6.json,2852
co8861774,data_5.json,2853,data_6.json,2853
co8797548,data_5.json,2854,data_6.json,2854
co8829085,data_5.json,2855,data_6.json,2855
co8831428,data_5.json,2856,data_6.json,2856
co8824988,data_5.json,2857,data_6.json,2857
co8829076,data_5.json,2858,data_6.json,2858
co8849692,data_5.json,2859,data_6.json,2859
co8801875,data_5.json,2860,data_6.json,2860
co8883916,data_5.json,2861,data_6.json,2861
co8801050,data_5.json,2862,data_6.json,2862
co8883659,data_5.json,2863,data_6.json,2863
co8798850,data_5.json,2864,data_6.json,2864
co8848429,data_5.json,2865,data_6.json,2865
co8888957,data_5.json,2866,data_6.json,2866
co8798067,data_5.json,2867,data_6.json,2867
co8887558,data_5.json,2868,data_6.json,2868
co8886080,data_5.json,2869,data_6.json,2869
co8832262,data_5.json,2870,data_6.json,2870
co8859033,data_5.json,2871,data_6.json,2871
co8824733,data_5.json,2872,data_6.json,2872
co8823804,data_5.json,2873,data_6.json,2873
co8880409,data_5.json,2874,data_6.json,2874
co8829690,data_5.json,2875,data_6.json,2875
co8849951,data_5.json,2876,data_6.json,2876
co8885182,data_5.json,2877,data_6.json,2877
co8802016,data_5.json,2878,data_6.json,2878
co8801163,data_5.json,2879,data_6.json,2879
co8797522,data_5.json,2880,data_6.json,2880
co8875692,data_5.json,2881,data_6.json,2881
co8834913,data_5.json,2882,data_6.json,2882
co8873587,data_5.json,2883,data_6.json,2883
co8876915,data_5.json,2884,data_6.json,2884
co8886840,data_5.json,2885,data_6.json,2885
co8826173,data_5.json,2886,data_6.json,2886
co8875899,data_5.json,2887,data_6.json,2887
co8873215,data_5.json,2888,data_6.json,2888
co8875932,data_5.json,2889,data_6.json,2889
co8848123,data_5.json,2890,data_6.json,2890
co8858829,data_5.json,2891,data_6.json,2891
co8887430,data_5.json,2892,data_6.json,2892
co8821580,data_5.json,2893,data_6.json,2893
co8860353,data_5.json,2894,data_6.json,2894
co8887545,data_5.json,2895,data_6.json,2895
co8803332,data_5.json,2896,data_6.json,2896
co8803971,data_5.json,2897,data_6.json,2897
co8824905,data_5.json,2898,data_6.json,2898
co8883586,data_5.json,2899,data_6.json,2899
co8824224,data_5.json,2900,data_6.json,2900
co8830426,data_5.json,2901,data_6.json,2901
co8801205,data_5.json,2902,data_6.json,2902
co8800970,data_5.json,2903,data_6.json,2903
co8829885,data_5.json,2904,data_6.json,2904
co8860816,data_5.json,2905,data_6.json,2905
co8852603,data_5.json,2906,data_6.json,2906
co8862422,data_5.json,2907,data_6.json,2907
co8860584,data_5.json,2908,data_6.json,2908
co8846885,data_5.json,2909,data_6.json,2909
co8852309,data_5.json,2910,data_6.json,2910
co8852554,data_5.json,2911,data_6.json,2911
co8879130,data_5.json,2912,data_6.json,2912
co8878413,data_5.json,2913,data_6.json,2913
co8869953,data_5.json,2914,data_6.json,2914
co8886453,data_5.json,2915,data_6.json,2915
co8853131,data_5.json,2916,data_6.json,2916
co8846919,data_5.json,2917,data_6.json,2917
co8878005,data_5.json,2918,data_6.json,2918
co8873106,data_5.json,2919,data_6.json,2919
co8852887,data_5.json,2920,data_6.json,2920
co8886172,data_5.json,2921,data_6.json,2921
co8874784,data_5.json,2922,data_6.json,2922
co8878257,data_5.json,2923,data_6.json,2923
co8878253,data_5.json,2924,data_6.json,2924
co8874017,data_5.json,2925,data_6.json,2925
co8862150,data_5.json,2926,data_6.json,2926
co8874742,data_5.json,2927,data_6.json,2927
co8875758,data_5.json,2928,data_6.json,2928
co8877535,data_5.json,2929,data_6.json,2929
co8861147,data_5.json,2930,data_6.json,2930
co8862557,data_5.json,2931,data_6.json,2931
co8848235,data_5.json,2932,data_6.json,2932
co8849146,data_5.json,2933,data_6.json,2933
co8885389,data_5.json,2934,data_6.json,2934
co8852058,data_5.json,2935,data_6.json,2935
co8887031,data_5.json,2936,data_6.json,2936
co8884350,data_5.json,2937,data_6.json,2937
co8885889,data_5.json,2938,data_6.json,2938
co8824969,data_5.json,2939,data_6.json,2939
co8834810,data_5.json,2940,data_6.json,2940
co8884638,data_5.json,2941,data_6.json,2941
co8850848,data_5.json,2942,data_6.json,2942
co8823598,data_5.json,2943,data_6.json,2943
co8828278,data_5.json,2944,data_6.json,2944
co8886361,data_5.json,2945,data_6.json,2945
co8797116,data_5.json,2946,data_6.json,2946
co8830461,data_5.json,2947,data_6.json,2947
co8860407,data_5.json,2948,data_6.json,2948
co8848026,data_5.json,2949,data_6.json,2949
co8846676,data_5.json,2950,data_6.json,2950
co8828679,data_5.json,2951,data_6.json,2951
co8884118,data_5.json,2952,data_6.json,2952
co8861980,data_5.json,2953,data_6.json,2953
co8886071,data_5.json,2954,data_6.json,2954
co8881361,data_5.json,2955,data_6.json,2955
co8801105,data_5.json,2956,data_6.json,2956
co8888912,data_5.json,2957,data_6.json,2957
co8851662,data_5.json,2958,data_6.json,2958
co8846785,data_5.json,2959,data_6.json,2959
co8826921,data_5.json,2960,data_6.json,2960
co8881975,data_5.json,2961,data_6.json,2961
co8822959,data_5.json,2962,data_6.json,2962
co8881212,data_5.json,2963,data_6.json,2963
co8846962,data_5.json,2964,data_6.json,2964
co8826121,data_5.json,2965,data_6.json,2965
co8878676,data_5.json,2966,data_6.json,2966
co8879249,data_5.json,2967,data_6.json,2967
co8886100,data_5.json,2968,data_6.json,2968
co8848697,data_5.json,2969,data_6.json,2969
co8796973,data_5.json,2970,data_6.json,2970
co8828493,data_5.json,2971,data_6.json,2971
co8825454,data_5.json,2972,data_6.json,2972
co8886470,data_5.json,2973,data_6.json,2973
co8801624,data_5.json,2974,data_6.json,2974
co8824562,data_5.json,2975,data_6.json,2975
co8849054,data_5.json,2976,data_6.json,2976
co8887373,data_5.json,2977,data_6.json,2977
co8887186,data_5.json,2978,data_6.json,2978
co8802422,data_5.json,2979,data_6.json,2979
co8823289,data_5.json,2980,data_6.json,2980
co8830726,data_5.json,2981,data_6.json,2981
co8830821,data_5.json,2982,data_6.json,2982
co8829922,data_5.json,2983,data_6.json,2983
co8859558,data_5.json,2984,data_6.json,2984
co8849678,data_5.json,2985,data_6.json,2985
co8877222,data_5.json,2986,data_6.json,2986
co8869778,data_5.json,2987,data_6.json,2987
co8873028,data_5.json,2988,data_6.json,2988
co8861124,data_5.json,2989,data_6.json,2989
co8847299,data_5.json,2990,data_6.json,2990
co8876215,data_5.json,2991,data_6.json,2991
co8881715,data_5.json,2992,data_6.json,2992
co8877022,data_5.json,2993,data_6.json,2993
co8861131,data_5.json,2994,data_6.json,2994
co8886197,data_5.json,2995,data_6.json,2995
co8860154,data_5.json,2996,data_6.json,2996
co8879739,data_5.json,2997,data_6.json,2997
co8887563,data_5.json,2998,data_6.json,2998
co8878955,data_5.json,2999,data_6.json,2999
co8849996,data_5.json,3000,data_6.json,3000
co8872888,data_5.json,3001,data_6.json,3001
co8847793,data_5.json,3002,data_6.json,3002
co8873719,data_5.json,3003,data_6.json,3003
co8872581,data_5.json,3004,data_6.json,3004
co8879075,data_5.json,3005,data_6.json,3005
co8862505,data_5.json,3006,data_6.json,3006
co8850716,data_5.json,3007,data_6.json,3007
co8821450,data_5.json,3008,data_6.json,3008
co8823563,data_5.json,3009,data_6.json,3009
co8886084,data_5.json,3010,data_6.json,3010
co8829581,data_5.json,3011,data_6.json,3011
co8884711,data_5.json,3012,data_6.json,3012
co8850067,data_5.json,3013,data_6.json,3013
co8797701,data_5.json,3014,data_6.json,3014
co8859796,data_5.json,3015,data_6.json,3015
co8831718,data_5.json,3016,data_6.json,3016
co8798891,data_5.json,3017,data_6.json,3017
co8801796,data_5.json,3018,data_6.json,3018
co8858966,data_5.json,3019,data_6.json,3019
co8802791,data_5.json,3020,data_6.json,3020
co8803648,data_5.json,3021,data_6.json,3021
co8833839,data_5.json,3022,data_6.json,3022
co8878059,data_5.json,3023,data_6.json,3023
co8821456,data_5.json,3024,data_6.json,3024
co8826280,data_5.json,3025,data_6.json,3025
co8886975,data_5.json,3026,data_6.json,3026
co8833953,data_5.json,3027,data_6.json,3027
co8821980,data_5.json,3028,data_6.json,3028
co8827307,data_5.json,3029,data_6.json,3029
co8849925,data_5.json,3030,data_6.json,3030
co8797028,data_5.json,3031,data_6.json,3031
co8850182,data_5.json,3032,data_6.json,3032
co8830532,data_5.json,3033,data_6.json,3033
co8851847,data_5.json,3034,data_6.json,3034
co8821964,data_5.json,3035,data_6.json,3035
co8851346,data_5.json,3036,data_6.json,3036
co8879928,data_5.json,3037,data_6.json,3037
co8883849,data_5.json,3038,data_6.json,3038
co8802313,data_5.json,3039,data_6.json,3039
co8848128,data_5.json,3040,data_6.json,3040
co8799171,data_5.json,3041,data_6.json,3041
co8822387,data_5.json,3042,data_6.json,3042
co8860216,data_5.json,3043,data_6.json,3043
co8872124,data_5.json,3044,data_6.json,3044
co8859189,data_5.json,3045,data_6.json,3045
co8823826,data_5.json,3046,data_6.json,3046
co8861009,data_5.json,3047,data_6.json,3047
co8884531,data_5.json,3048,data_6.json,3048
co8882486,data_5.json,3049,data_6.json,3049
co8872101,data_5.json,3050,data_6.json,3050
co8851663,data_5.json,3051,data_6.json,3051
co8849599,data_5.json,3052,data_6.json,3052
co8876618,data_5.json,3053,data_6.json,3053
co8799441,data_5.json,3054,data_6.json,3054
co8825451,data_5.json,3055,data_6.json,3055
co8832691,data_5.json,3056,data_6.json,3056
co8859124,data_5.json,3057,data_6.json,3057
co8847374,data_5.json,3058,data_6.json,3058
co8825840,data_5.json,3059,data_6.json,3059
co8824946,data_5.json,3060,data_6.json,3060
co8874465,data_5.json,3061,data_6.json,3061
co8826015,data_5.json,3062,data_6.json,3062
co8834412,data_5.json,3063,data_6.json,3063
co8862486,data_5.json,3064,data_6.json,3064
co8797523,data_5.json,3065,data_6.json,3065
co8887630,data_5.json,3066,data_6.json,3066
co8860093,data_5.json,3067,data_6.json,3067
co8869495,data_5.json,3068,data_6.json,3068
co8888540,data_5.json,3069,data_6.json,3069
co8798457,data_5.json,3070,data_6.json,3070
co8830560,data_5.json,3071,data_6.json,3071
co8829309,data_5.json,3072,data_6.json,3072
co8796945,data_5.json,3073,data_6.json,3073
co8832189,data_5.json,3074,data_6.json,3074
co8829911,data_5.json,3075,data_6.json,3075
co8848954,data_5.json,3076,data_6.json,3076
co8874520,data_5.json,3077,data_6.json,3077
co8861893,data_5.json,3078,data_6.json,3078
co8883446,data_5.json,3079,data_6.json,3079
co8859955,data_5.json,3080,data_6.json,3080
co8887602,data_5.json,3081,data_6.json,3081
co8847807,data_5.json,3082,data_6.json,3082
co8869952,data_5.json,3083,data_6.json,3083
co8878948,data_5.json,3084,data_6.json,3084
co8859665,data_5.json,3085,data_6.json,3085
co8861908,data_5.json,3086,data_6.json,3086
co8848729,data_5.json,3087,data_6.json,3087
co8878648,data_5.json,3088,data_6.json,3088
co8876592,data_5.json,3089,data_6.json,3089
co8878050,data_5.json,3090,data_6.json,3090
co8848763,data_5.json,3091,data_6.json,3091
co8853046,data_5.json,3092,data_6.json,3092
co8860414,data_5.json,3093,data_6.json,3093
co8874405,data_5.json,3094,data_6.json,3094
co8878790,data_5.json,3095,data_6.json,3095
co8874687,data_5.json,3096,data_6.json,3096
co8873701,data_5.json,3097,data_6.json,3097
co8872645,data_5.json,3098,data_6.json,3098
co8852056,data_5.json,3099,data_6.json,3099
co8881084,data_5.json,3100,data_6.json,3100
co8849822,data_5.json,3101,data_6.json,3101
co8847680,data_5.json,3102,data_6.json,3102
co8850514,data_5.json,3103,data_6.json,3103
co8824812,data_5.json,3104,data_6.json,3104
co8881480,data_5.json,3105,data_6.json,3105
co8884962,data_5.json,3106,data_6.json,3106
co8797110,data_5.json,3107,data_6.json,3107
co8797807,data_5.json,3108,data_6.json,3108
co8804496,data_5.json,3109,data_6.json,3109
co8804761,data_5.json,3110,data_6.json,3110
co8800079,data_5.json,3111,data_6.json,3111
co8824331,data_5.json,3112,data_6.json,3112
co8888243,data_5.json,3113,data_6.json,3113
co8801575,data_5.json,3114,data_6.json,3114
co8884924,data_5.json,3115,data_6.json,3115
co8872131,data_5.json,3116,data_6.json,3116
co8829269,data_5.json,3117,data_6.json,3117
co8848259,data_5.json,3118,data_6.json,3118
co8822827,data_5.json,3119,data_6.json,3119
co8798757,data_5.json,3120,data_6.json,3120
co8886108,data_5.json,3121,data_6.json,3121
co8884529,data_5.json,3122,data_6.json,3122
co8821965,data_5.json,3123,data_6.json,3123
co8798024,data_5.json,3124,data_6.json,3124
co8859301,data_5.json,3125,data_6.json,3125
co8828193,data_5.json,3126,data_6.json,3126
co8885051,data_5.json,3127,data_6.json,3127
co8847903,data_5.json,3128,data_6.json,3128
co8883786,data_5.json,3129,data_6.json,3129
co8834853,data_5.json,3130,data_6.json,3130
co8885649,data_5.json,3131,data_6.json,3131
co8861643,data_5.json,3132,data_6.json,3132
co8828953,data_5.json,3133,data_6.json,3133
co8851014,data_5.json,3134,data_6.json,3134
co8832210,data_5.json,3135,data_6.json,3135
co8797457,data_5.json,3136,data_6.json,3136
co8872207,data_5.json,3137,data_6.json,3137
co8847564,data_5.json,3138,data_6.json,3138
co8884395,data_5.json,3139,data_6.json,3139
co8860878,data_5.json,3140,data_6.json,3140
co8860263,data_5.json,3141,data_6.json,3141
co8878853,data_5.json,3142,data_6.json,3142
co8803407,data_5.json,3143,data_6.json,3143
co8869679,data_5.json,3144,data_6.json,3144
co8846651,data_5.json,3145,data_6.json,3145
co8879496,data_5.json,3146,data_6.json,3146
co8858836,data_5.json,3147,data_6.json,3147
co8876345,data_5.json,3148,data_6.json,3148
co8827095,data_5.json,3149,data_6.json,3149
co8822183,data_5.json,3150,data_6.json,3150
co8801568,data_5.json,3151,data_6.json,3151
co8852785,data_5.json,3152,data_6.json,3152
co8799459,data_5.json,3153,data_6.json,3153
co8851183,data_5.json,3154,data_6.json,3154
co8803973,data_5.json,3155,data_6.json,3155
co8883584,data_5.json,3156,data_6.json,3156
co8798572,data_5.json,3157,data_6.json,3157
co8830258,data_5.json,3158,data_6.json,3158
co8823428,data_5.json,3159,data_6.json,3159
co8832190,data_5.json,3160,data_6.json,3160
co8829948,data_5.json,3161,data_6.json,3161
co8829901,data_5.json,3162,data_6.json,3162
co8885268,data_5.json,3163,data_6.json,3163
co8874189,data_5.json,3164,data_6.json,3164
co8874876,data_5.json,3165,data_6.json,3165
co8877534,data_5.json,3166,data_6.json,3166
co8872795,data_5.json,3167,data_6.json,3167
co8888618,data_5.json,3168,data_6.json,3168
co8886605,data_5.json,3169,data_6.json,3169
co8873975,data_5.json,3170,data_6.json,3170
co8874948,data_5.json,3171,data_6.json,3171
co8862233,data_5.json,3172,data_6.json,3172
co8874176,data_5.json,3173,data_6.json,3173
co8880280,data_5.json,3174,data_6.json,3174
co8873490,data_5.json,3175,data_6.json,3175
co8846859,data_5.json,3176,data_6.json,3176
co8876154,data_5.json,3177,data_6.json,3177
co8873994,data_5.json,3178,data_6.json,3178
co8884831,data_5.json,3179,data_6.json,3179
co8875550,data_5.json,3180,data_6.json,3180
co8876672,data_5.json,3181,data_6.json,3181
co8875146,data_5.json,3182,data_6.json,3182
co8852273,data_5.json,3183,data_6.json,3183
co8848613,data_5.json,3184,data_6.json,3184
co8862089,data_5.json,3185,data_6.json,3185
co8875034,data_5.json,3186,data_6.json,3186
co8876533,data_5.json,3187,data_6.json,3187
co8861038,data_5.json,3188,data_6.json,3188
co8847712,data_5.json,3189,data_6.json,3189
co8859601,data_5.json,3190,data_6.json,3190
co8878170,data_5.json,3191,data_6.json,3191
co8849058,data_5.json,3192,data_6.json,3192
co8832900,data_5.json,3193,data_6.json,3193
co8872418,data_5.json,3194,data_6.json,3194
co8886062,data_5.json,3195,data_6.json,3195
co8801861,data_5.json,3196,data_6.json,3196
co8846726,data_5.json,3197,data_6.json,3197
co8799920,data_5.json,3198,data_6.json,3198
co8826861,data_5.json,3199,data_6.json,3199
co8828063,data_5.json,3200,data_6.json,3200
co8852061,data_5.json,3201,data_6.json,3201
co8823494,data_5.json,3202,data_6.json,3202
co8832463,data_5.json,3203,data_6.json,3203
co8800633,data_5.json,3204,data_6.json,3204
co8860202,data_5.json,3205,data_6.json,3205
co8859754,data_5.json,3206,data_6.json,3206
co8830590,data_5.json,3207,data_6.json,3207
co8886409,data_5.json,3208,data_6.json,3208
co8825963,data_5.json,3209,data_6.json,3209
co8882515,data_5.json,3210,data_6.json,3210
co8860704,data_5.json,3211,data_6.json,3211
co8832868,data_5.json,3212,data_6.json,3212
co8832671,data_5.json,3213,data_6.json,3213
co8798005,data_5.json,3214,data_6.json,3214
co8847431,data_5.json,3215,data_6.json,3215
co8822108,data_5.json,3216,data_6.json,3216
co8885440,data_5.json,3217,data_6.json,3217
co8851432,data_5.json,3218,data_6.json,3218
co8802479,data_5.json,3219,data_6.json,3219
co8886070,data_5.json,3220,data_6.json,3220
co8826256,data_5.json,3221,data_6.json,3221
co8872920,data_5.json,3222,data_6.json,3222
co8878944,data_5.json,3223,data_6.json,3223
co8862665,data_5.json,3224,data_6.json,3224
co8862213,data_5.json,3225,data_6.json,3225
co8852871,data_5.json,3226,data_6.json,3226
co8830390,data_5.json,3227,data_6.json,3227
co8825532,data_5.json,3228,data_6.json,3228
co8852010,data_5.json,3229,data_6.json,3229
co8886854,data_5.json,3230,data_6.json,3230
co8873552,data_5.json,3231,data_6.json,3231
co8869621,data_5.json,3232,data_6.json,3232
co8888627,data_5.json,3233,data_6.json,3233
co8869588,data_5.json,3234,data_6.json,3234
co8826240,data_5.json,3235,data_6.json,3235
co8821971,data_5.json,3236,data_6.json,3236
co8799742,data_5.json,3237,data_6.json,3237
co8825105,data_5.json,3238,data_6.json,3238
co8801352,data_5.json,3239,data_6.json,3239
co8832111,data_5.json,3240,data_6.json,3240
co8830786,data_5.json,3241,data_6.json,3241
co8801638,data_5.json,3242,data_6.json,3242
co8859578,data_5.json,3243,data_6.json,3243
co8859861,data_5.json,3244,data_6.json,3244
co8875898,data_5.json,3245,data_6.json,3245
co8848926,data_5.json,3246,data_6.json,3246
co8877658,data_5.json,3247,data_6.json,3247
co8888285,data_5.json,3248,data_6.json,3248
co8887541,data_5.json,3249,data_6.json,3249
co8862541,data_5.json,3250,data_6.json,3250
co8869765,data_5.json,3251,data_6.json,3251
co8852971,data_5.json,3252,data_6.json,3252
co8878159,data_5.json,3253,data_6.json,3253
co8877610,data_5.json,3254,data_6.json,3254
co8873782,data_5.json,3255,data_6.json,3255
co8874088,data_5.json,3256,data_6.json,3256
co8877164,data_5.json,3257,data_6.json,3257
co8872557,data_5.json,3258,data_6.json,3258
co8869661,data_5.json,3259,data_6.json,3259
co8852295,data_5.json,3260,data_6.json,3260
co8887608,data_5.json,3261,data_6.json,3261
co8848012,data_5.json,3262,data_6.json,3262
co8886698,data_5.json,3263,data_6.json,3263
co8848606,data_5.json,3264,data_6.json,3264
co8879563,data_5.json,3265,data_6.json,3265
co8873626,data_5.json,3266,data_6.json,3266
co8848746,data_5.json,3267,data_6.json,3267
co8876565,data_5.json,3268,data_6.json,3268
co8875593,data_5.json,3269,data_6.json,3269
co8847626,data_5.json,3270,data_6.json,3270
co8852432,data_5.json,3271,data_6.json,3271
co8879414,data_5.json,3272,data_6.json,3272
co8879067,data_5.json,3273,data_6.json,3273
co8852979,data_5.json,3274,data_6.json,3274
co8878032,data_5.json,3275,data_6.json,3275
co8860588,data_5.json,3276,data_6.json,3276
co8875574,data_5.json,3277,data_6.json,3277
co8851453,data_5.json,3278,data_6.json,3278
co8824516,data_5.json,3279,data_6.json,3279
co8851893,data_5.json,3280,data_6.json,3280
co8834194,data_5.json,3281,data_6.json,3281
co8824804,data_5.json,3282,data_6.json,3282
co8802232,data_5.json,3283,data_6.json,3283
co8830388,data_5.json,3284,data_6.json,3284
co8831679,data_5.json,3285,data_6.json,3285
co8858929,data_5.json,3286,data_6.json,3286
co8848755,data_5.json,3287,data_6.json,3287
co8821931,data_5.json,3288,data_6.json,3288
co8851128,data_5.json,3289,data_6.json,3289
co8851641,data_5.json,3290,data_6.json,3290
co8852082,data_5.json,3291,data_6.json,3291
co8824017,data_5.json,3292,data_6.json,3292
co8825980,data_5.json,3293,data_6.json,3293
co8823962,data_5.json,3294,data_6.json,3294
co8886235,data_5.json,3295,data_6.json,3295
co8848112,data_5.json,3296,data_6.json,3296
co8851177,data_5.json,3297,data_6.json,3297
co8849314,data_5.json,3298,data_6.json,3298
co8829416,data_5.json,3299,data_6.json,3299
co8885351,data_5.json,3300,data_6.json,3300
co8883128,data_5.json,3301,data_6.json,3301
co8832667,data_5.json,3302,data_6.json,3302
co8801087,data_5.json,3303,data_6.json,3303
co8885325,data_5.json,3304,data_6.json,3304
co8886223,data_5.json,3305,data_6.json,3305
co8826658,data_5.json,3306,data_6.json,3306
co8849439,data_5.json,3307,data_6.json,3307
co8826203,data_5.json,3308,data_6.json,3308
co8882644,data_5.json,3309,data_6.json,3309
co8804123,data_5.json,3310,data_6.json,3310
co8849664,data_5.json,3311,data_6.json,3311
co8834083,data_5.json,3312,data_6.json,3312
co8832977,data_5.json,3313,data_6.json,3313
co8847515,data_5.json,3314,data_6.json,3314
co8885454,data_5.json,3315,data_6.json,3315
co8832270,data_5.json,3316,data_6.json,3316
co8822020,data_5.json,3317,data_6.json,3317
co8849287,data_5.json,3318,data_6.json,3318
co8888006,data_5.json,3319,data_6.json,3319
co8822935,data_5.json,3320,data_6.json,3320
co8885931,data_5.json,3321,data_6.json,3321
co8804846,data_5.json,3322,data_6.json,3322
co8850098,data_5.json,3323,data_6.json,3323
co8827989,data_5.json,3324,data_6.json,3324
co8852024,data_5.json,3325,data_6.json,3325
co8860696,data_5.json,3326,data_6.json,3326
co8859005,data_5.json,3327,data_6.json,3327
co8796624,data_5.json,3328,data_6.json,3328
co8831192,data_5.json,3329,data_6.json,3329
co8822075,data_5.json,3330,data_6.json,3330
co8832276,data_5.json,3331,data_6.json,3331
co8887731,data_5.json,3332,data_6.json,3332
co8826937,data_5.json,3333,data_6.json,3333
co8888516,data_5.json,3334,data_6.json,3334
co8825745,data_5.json,3335,data_6.json,3335
co8798277,data_5.json,3336,data_6.json,3336
co8852537,data_5.json,3337,data_6.json,3337
co8885306,data_5.json,3338,data_6.json,3338
co8879324,data_5.json,3339,data_6.json,3339
co8877171,data_5.json,3340,data_6.json,3340
co8861963,data_5.json,3341,data_6.json,3341
co8876487,data_5.json,3342,data_6.json,3342
co8878769,data_5.json,3343,data_6.json,3343
co8880360,data_5.json,3344,data_6.json,3344
co8873138,data_5.json,3345,data_6.json,3345
co8862362,data_5.json,3346,data_6.json,3346
co8853037,data_5.json,3347,data_6.json,3347
co8878293,data_5.json,3348,data_6.json,3348
co8847794,data_5.json,3349,data_6.json,3349
co8883307,data_5.json,3350,data_6.json,3350
co8883383,data_5.json,3351,data_6.json,3351
co8861409,data_5.json,3352,data_6.json,3352
co8876233,data_5.json,3353,data_6.json,3353
co8873221,data_5.json,3354,data_6.json,3354
co8880542,data_5.json,3355,data_6.json,3355
co8876337,data_5.json,3356,data_6.json,3356
co8869606,data_5.json,3357,data_6.json,3357
co8879493,data_5.json,3358,data_6.json,3358
co8861999,data_5.json,3359,data_6.json,3359
co8877574,data_5.json,3360,data_6.json,3360
co8852417,data_5.json,3361,data_6.json,3361
co8874416,data_5.json,3362,data_6.json,3362
co8859883,data_5.json,3363,data_6.json,3363
co8875425,data_5.json,3364,data_6.json,3364
co8801805,data_5.json,3365,data_6.json,3365
co8885515,data_5.json,3366,data_6.json,3366
co8804743,data_5.json,3367,data_6.json,3367
co8797529,data_5.json,3368,data_6.json,3368
co8850458,data_5.json,3369,data_6.json,3369
co8850065,data_5.json,3370,data_6.json,3370
co8872104,data_5.json,3371,data_6.json,3371
co8849027,data_5.json,3372,data_6.json,3372
co8884656,data_5.json,3373,data_6.json,3373
co8860669,data_5.json,3374,data_6.json,3374
co8832337,data_5.json,3375,data_6.json,3375
co8883102,data_5.json,3376,data_6.json,3376
co8885928,data_5.json,3377,data_6.json,3377
co8885597,data_5.json,3378,data_6.json,3378
co8859326,data_5.json,3379,data_6.json,3379
co8881267,data_5.json,3380,data_6.json,3380
co8851173,data_5.json,3381,data_6.json,3381
co8880091,data_5.json,3382,data_6.json,3382
co8851704,data_5.json,3383,data_6.json,3383
co8798071,data_5.json,3384,data_6.json,3384
co8847108,data_5.json,3385,data_6.json,3385
co8848349,data_5.json,3386,data_6.json,3386
co8830630,data_5.json,3387,data_6.json,3387
co8826257,data_5.json,3388,data_6.json,3388
co8826492,data_5.json,3389,data_6.json,3389
co8858835,data_5.json,3390,data_6.json,3390
co8861545,data_5.json,3391,data_6.json,3391
co8869348,data_5.json,3392,data_6.json,3392
co8831208,data_5.json,3393,data_6.json,3393
co8851808,data_5.json,3394,data_6.json,3394
co8830101,data_5.json,3395,data_6.json,3395
co8859266,data_5.json,3396,data_6.json,3396
co8884477,data_5.json,3397,data_6.json,3397
co8859954,data_5.json,3398,data_6.json,3398
co8822976,data_5.json,3399,data_6.json,3399
co8826283,data_5.json,3400,data_6.json,3400
co8869269,data_5.json,3401,data_6.json,3401
co8887061,data_5.json,3402,data_6.json,3402
co8874006,data_5.json,3403,data_6.json,3403
co8798350,data_5.json,3404,data_6.json,3404
co8887265,data_5.json,3405,data_6.json,3405
co8849162,data_5.json,3406,data_6.json,3406
co8862270,data_5.json,3407,data_6.json,3407
co8883824,data_5.json,3408,data_6.json,3408
co8859146,data_5.json,3409,data_6.json,3409
co8801663,data_5.json,3410,data_6.json,3410
co8848965,data_5.json,3411,data_6.json,3411
co8881373,data_5.json,3412,data_6.json,3412
co8869592,data_5.json,3413,data_6.json,3413
co8824914,data_5.json,3414,data_6.json,3414
co8830162,data_5.json,3415,data_6.json,3415
co8829402,data_5.json,3416,data_6.json,3416
co8830428,data_5.json,3417,data_6.json,3417
co8801202,data_5.json,3418,data_6.json,3418
co8801252,data_5.json,3419,data_6.json,3419
co8852260,data_5.json,3420,data_6.json,3420
co8849200,data_5.json,3421,data_6.json,3421
co8874381,data_5.json,3422,data_6.json,3422
co8879173,data_5.json,3423,data_6.json,3423
co8888827,data_5.json,3424,data_6.json,3424
co8875367,data_5.json,3425,data_6.json,3425
co8860891,data_5.json,3426,data_6.json,3426
co8862447,data_5.json,3427,data_6.json,3427
co8874396,data_5.json,3428,data_6.json,3428
co8874669,data_5.json,3429,data_6.json,3429
co8879543,data_5.json,3430,data_6.json,3430
co8862560,data_5.json,3431,data_6.json,3431
co8887606,data_5.json,3432,data_6.json,3432
co8876980,data_5.json,3433,data_6.json,3433
co8861163,data_5.json,3434,data_6.json,3434
co8883476,data_5.json,3435,data_6.json,3435
co8878308,data_5.json,3436,data_6.json,3436
co8862205,data_5.json,3437,data_6.json,3437
co8873749,data_5.json,3438,data_6.json,3438
co8875666,data_5.json,3439,data_6.json,3439
co8878099,data_5.json,3440,data_6.json,3440
co8879373,data_5.json,3441,data_6.json,3441
co8861181,data_5.json,3442,data_6.json,3442
co8862642,data_5.json,3443,data_6.json,3443
co8876287,data_5.json,3444,data_6.json,3444
co8848050,data_5.json,3445,data_6.json,3445
co8852218,data_5.json,3446,data_6.json,3446
co8872448,data_5.json,3447,data_6.json,3447
co8862515,data_5.json,3448,data_6.json,3448
co8880540,data_5.json,3449,data_6.json,3449
co8852607,data_5.json,3450,data_6.json,3450
co8869666,data_5.json,3451,data_6.json,3451
co8833160,data_5.json,3452,data_6.json,3452
co8885287,data_5.json,3453,data_6.json,3453
co8798969,data_5.json,3454,data_6.json,3454
co8798328,data_5.json,3455,data_6.json,3455
co8796659,data_5.json,3456,data_6.json,3456
co8834113,data_5.json,3457,data_6.json,3457
co8823163,data_5.json,3458,data_6.json,3458
co8885522,data_5.json,3459,data_6.json,3459
co8830158,data_5.json,3460,data_6.json,3460
co8827614,data_5.json,3461,data_6.json,3461
co8834989,data_5.json,3462,data_6.json,3462
co8832604,data_5.json,3463,data_6.json,3463
co8881372,data_5.json,3464,data_6.json,3464
co8825822,data_5.json,3465,data_6.json,3465
co8824061,data_5.json,3466,data_6.json,3466
co8830417,data_5.json,3467,data_6.json,3467
co8872633,data_5.json,3468,data_6.json,3468
co8883857,data_5.json,3469,data_6.json,3469
co8822317,data_5.json,3470,data_6.json,3470
co8823384,data_5.json,3471,data_6.json,3471
co8804817,data_5.json,3472,data_6.json,3472
co8848457,data_5.json,3473,data_6.json,3473
co8886675,data_5.json,3474,data_6.json,3474
co8831102,data_5.json,3475,data_6.json,3475
co8888245,data_5.json,3476,data_6.json,3476
co8802606,data_5.json,3477,data_6.json,3477
co8824197,data_5.json,3478,data_6.json,3478
co8849781,data_5.json,3479,data_6.json,3479
co8797566,data_5.json,3480,data_6.json,3480
co8860740,data_5.json,3481,data_6.json,3481
co8851982,data_5.json,3482,data_6.json,3482
co8847987,data_5.json,3483,data_6.json,3483
co8847627,data_5.json,3484,data_6.json,3484
co8886461,data_5.json,3485,data_6.json,3485
co8804842,data_5.json,3486,data_6.json,3486
co8847834,data_5.json,3487,data_6.json,3487
co8847544,data_5.json,3488,data_6.json,3488
co8834602,data_5.json,3489,data_6.json,3489
co8853381,data_5.json,3490,data_6.json,3490
co8859629,data_5.json,3491,data_6.json,3491
co8822878,data_5.json,3492,data_6.json,3492
co8853169,data_5.json,3493,data_6.json,3493
co8851038,data_5.json,3494,data_6.json,3494
co8798446,data_5.json,3495,data_6.json,3495
co8872255,data_5.json,3496,data_6.json,3496
co8801581,data_5.json,3497,data_6.json,3497
co8823856,data_5.json,3498,data_6.json,3498
co8830315,data_5.json,3499,data_6.json,3499
co8828793,data_5.json,3500,data_6.json,3500
co8827079,data_5.json,3501,data_6.json,3501
co8797128,data_5.json,3502,data_6.json,3502
co8801546,data_5.json,3503,data_6.json,3503
co8799606,data_5.json,3504,data_6.json,3504
co8829951,data_5.json,3505,data_6.json,3505
co8832051,data_5.json,3506,data_6.json,3506
